api_name,library,opencoder-8b-instruct,qwen2.5-coder-14b,qwen2.5-coder-32b,qwen2.5-coder-7b,r1-distill-qwen-7b,seed-coder-8b-instruct
MDAnalysis.analysis.align.AlignTraj,MDAnalysis,modified,modified,modified,modified,,
MDAnalysis.analysis.align.iterative_average,MDAnalysis,added,added,added,added,,
MDAnalysis.analysis.backends.BackendBase,MDAnalysis,added,added,added,added,,
MDAnalysis.analysis.backends.BackendDask,MDAnalysis,added,added,added,added,,
MDAnalysis.analysis.backends.BackendMultiprocessing,MDAnalysis,added,added,added,added,,
MDAnalysis.analysis.backends.BackendSerial,MDAnalysis,added,added,added,added,,
MDAnalysis.analysis.dihedrals.Dihedral,MDAnalysis,added,,,,,
MDAnalysis.analysis.dssp.dssp.DSSP,MDAnalysis,added,added,added,added,,
MDAnalysis.analysis.dssp.dssp.translate,MDAnalysis,added,added,added,added,,
MDAnalysis.analysis.dssp.pydssp_numpy.assign,MDAnalysis,added,added,added,added,,
MDAnalysis.analysis.dssp.pydssp_numpy.get_hbond_map,MDAnalysis,added,added,added,added,,
MDAnalysis.analysis.encore.clustering.cluster.cluster,MDAnalysis,modified,modified,modified,modified,modified,
MDAnalysis.analysis.encore.dimensionality_reduction.reduce_dimensionality.reduce_dimensionality,MDAnalysis,modified,modified,modified,modified,modified,
MDAnalysis.analysis.encore.similarity.ces,MDAnalysis,modified,modified,modified,modified,modified,
MDAnalysis.analysis.encore.similarity.ces_convergence,MDAnalysis,modified,modified,modified,modified,modified,
MDAnalysis.analysis.encore.similarity.dres,MDAnalysis,modified,modified,modified,modified,modified,
MDAnalysis.analysis.encore.similarity.dres_convergence,MDAnalysis,modified,modified,modified,modified,modified,
MDAnalysis.analysis.helix_analysis.HELANAL,MDAnalysis,modified,modified,modified,modified,modified,
MDAnalysis.analysis.helix_analysis.helix_analysis,MDAnalysis,modified,modified,modified,modified,modified,
MDAnalysis.analysis.msd.EinsteinMSD,MDAnalysis,modified,modified,modified,modified,modified,modified
MDAnalysis.analysis.nucleicacids.MajorPairDist,MDAnalysis,added,,,,,
MDAnalysis.analysis.nucleicacids.MinorPairDist,MDAnalysis,added,,,,,
MDAnalysis.analysis.rdf.nested_array_sum,MDAnalysis,added,added,added,added,added,added
MDAnalysis.analysis.results.ResultsGroup,MDAnalysis,added,added,added,added,,
MDAnalysis.converters.RDKitInferring.MDAnalysisInferrer,MDAnalysis,added,added,added,added,added,added
MDAnalysis.converters.RDKitInferring.RDKitInferrer,MDAnalysis,added,added,added,added,added,added
MDAnalysis.converters.RDKitInferring.TemplateInferrer,MDAnalysis,added,added,added,added,added,added
MDAnalysis.converters.RDKitInferring.reorder_atoms,MDAnalysis,added,added,added,added,added,added
MDAnalysis.coordinates.H5MD.H5MDWriter,MDAnalysis,modified,modified,modified,modified,modified,modified
MDAnalysis.coordinates.IMD.IMDReader,MDAnalysis,added,added,added,added,added,added
MDAnalysis.coordinates.LAMMPS.DumpReader,MDAnalysis,modified,modified,modified,modified,,
MDAnalysis.coordinates.TPR.TPRReader,MDAnalysis,added,added,added,added,added,added
MDAnalysis.coordinates.TRC.TRCReader,MDAnalysis,added,,,,,
MDAnalysis.coordinates.TRR.TRRReader,MDAnalysis,modified,modified,modified,modified,modified,modified
MDAnalysis.coordinates.TRR.TRRWriter,MDAnalysis,modified,modified,modified,modified,modified,modified
MDAnalysis.coordinates.XDR.XDRBaseReader,MDAnalysis,modified,modified,modified,modified,modified,modified
MDAnalysis.coordinates.XDR.XDRBaseWriter,MDAnalysis,modified,modified,modified,modified,modified,modified
MDAnalysis.coordinates.XTC.XTCReader,MDAnalysis,modified,modified,modified,modified,modified,modified
MDAnalysis.coordinates.XTC.XTCWriter,MDAnalysis,modified,modified,modified,modified,modified,modified
MDAnalysis.core.selection.WaterSelection,MDAnalysis,added,added,added,added,added,
MDAnalysis.guesser.default_guesser.DefaultGuesser,MDAnalysis,added,added,added,added,,
MDAnalysis.lib.distances.capped_distance,MDAnalysis,modified,modified,modified,modified,modified,modified
MDAnalysis.lib.distances.self_capped_distance,MDAnalysis,modified,modified,modified,modified,modified,modified
MDAnalysis.lib.log.start_logging,MDAnalysis,modified,modified,modified,modified,modified,modified
MDAnalysis.lib.util.atoi,MDAnalysis,added,added,added,added,,
MDAnalysis.lib.util.is_installed,MDAnalysis,added,added,added,added,,
MDAnalysis.transformations.nojump.NoJump,MDAnalysis,modified,modified,modified,modified,,
ase.build.connected.split_bond,ase,modified,,,,,
ase.build.supercells.eval_shape_deviation,ase,added,added,added,added,added,added
ase.build.supercells.find_optimal_cell_shape,ase,modified,modified,modified,modified,modified,modified
ase.build.supercells.make_supercell,ase,modified,,,,,
ase.build.surface.graphene,ase,modified,,,,,
ase.calculators.abinit.Abinit,ase,modified,,,,,
ase.calculators.aims.AimsCube,ase,modified,,,,,
ase.calculators.calculator.FileIORules,ase,added,,,,,
ase.calculators.calculator.StandardProfile,ase,added,,,,,
ase.calculators.demon.demon.Parameters_deMon,ase,modified,,,,,
ase.calculators.dftd3.PureDFTD3,ase,added,,,,,
ase.calculators.exciting.exciting.ExcitingGroundStateCalculator,ase,added,modified,modified,modified,modified,modified
ase.calculators.exciting.exciting.ExcitingGroundStateTemplate,ase,added,,,,,
ase.calculators.exciting.exciting.ExcitingProfile,ase,added,,,,,
ase.calculators.fd.calculate_numerical_forces,ase,added,added,added,added,modified,modified
ase.calculators.fd.calculate_numerical_stress,ase,added,added,added,added,modified,modified
ase.calculators.genericfileio.read_stdout,ase,added,,,,,
ase.calculators.lammps.coordinatetransform.Prism,ase,modified,,,,,
ase.calculators.lammps.coordinatetransform.calc_box_parameters,ase,added,,,,,
ase.calculators.lammps.coordinatetransform.calc_reduced_cell,ase,added,,,,,
ase.calculators.lammps.coordinatetransform.calc_rotated_cell,ase,added,,,,,
ase.calculators.mixing.LinearCombinationCalculator,ase,modified,,,,,
ase.calculators.mixing.SumCalculator,ase,modified,,,,,
ase.calculators.morse.ase_neighbor_list,ase,added,added,added,added,added,
ase.calculators.octopus.Octopus,ase,modified,,,,,
ase.calculators.onetep.Onetep,ase,modified,,,,,
ase.calculators.openmx.reader.read_eigenvalues,ase,modified,,,,,
ase.calculators.orca.ORCA,ase,modified,,,,,
ase.calculators.plumed.restart_from_trajectory,ase,added,,,,,
ase.calculators.qmmm.ForceQMMM,ase,added,,,,,
ase.calculators.qmmm.RescaledCalculator,ase,added,,,,,
ase.calculators.qmmm.combine_lj_lorenz_berthelot,ase,modified,,,,,
ase.calculators.qmmm.wrap,ase,added,,,,,
ase.calculators.siesta.siesta.FDFWriter,ase,added,,,,,
ase.calculators.siesta.siesta.FileInstruction,ase,added,,,,,
ase.calculators.siesta.siesta.Siesta,ase,modified,,,,,
ase.calculators.siesta.siesta.SpeciesInfo,ase,added,,,,,
ase.calculators.siesta.siesta.generate_atomic_coordinates_zmatrix,ase,added,,,,,
ase.calculators.singlepoint.SinglePointDFTCalculator,ase,modified,,,,,
ase.calculators.subprocesscalculator.PackedCalculator,ase,added,,,,,
ase.calculators.subprocesscalculator.ParallelDispatch,ase,added,,,,,
ase.calculators.tersoff.TersoffParameters,ase,added,added,added,added,added,
ase.calculators.turbomole.executor.check_bad_output,ase,added,,,,,
ase.calculators.turbomole.executor.get_output_filename,ase,added,,,,,
ase.calculators.turbomole.reader.read_charges,ase,added,,,,,
ase.calculators.turbomole.reader.read_datetime,ase,added,,,,,
ase.calculators.turbomole.reader.read_hostname,ase,added,,,,,
ase.calculators.turbomole.reader.read_mos,ase,added,,,,,
ase.calculators.turbomole.reader.read_occupation_numbers,ase,added,,,,,
ase.calculators.turbomole.reader.read_output,ase,modified,,,,,
ase.calculators.turbomole.reader.read_point_charges,ase,added,,,,,
ase.calculators.turbomole.reader.read_run_parameters,ase,added,,,,,
ase.calculators.turbomole.reader.read_ssquare,ase,added,,,,,
ase.calculators.vasp.create_input.get_pp_setup,ase,added,,,,,
ase.calculators.vasp.create_input.read_potcar_numbers_of_electrons,ase,modified,modified,modified,modified,modified,modified
ase.calculators.vasp.create_input.set_magmom,ase,added,,,,,
ase.calculators.vdwcorrection.TS09Polarizability,ase,added,,,,,
ase.calculators.vdwcorrection.calculate_ts09_polarizability,ase,added,,,,,
ase.calculators.vdwcorrection.vdWTkatchenko09prl,ase,modified,,,,,
ase.codes.CodeMetadata,ase,added,,,,,
ase.constraints.fix_com.FixSubsetCom,ase,added,,,,,
ase.constraints.fix_internals.FixInternals,ase,added,,,,,
ase.constraints.fix_scaled.FixScaled,ase,added,,,,,
ase.constraints.fixed_line.FixedLine,ase,added,,,,,
ase.constraints.fixed_plane.FixedPlane,ase,added,,,,,
ase.data.pubchem.pubchem_conformer_search,ase,modified,modified,modified,modified,modified,
ase.data.pubchem.search_pubchem_raw,ase,modified,modified,modified,modified,modified,
ase.db.core.connect,ase,modified,modified,modified,modified,modified,
ase.db.project.DatabaseProject,ase,added,,,,,
ase.db.row.row2dct,ase,modified,,,,,
ase.dft.bandgap.bandgap,ase,modified,,,,,
ase.dft.bz.FlatPlot,ase,added,,,,,
ase.dft.bz.SpacePlot,ase,added,,,,,
ase.dft.bz.bz_index,ase,added,,,,,
ase.dft.bz.bz_plot,ase,modified,,,,,
ase.dft.kpoints.mindistance2monkhorstpack,ase,added,,,,,
ase.dft.wannier.Wannier,ase,modified,,,,,
ase.dft.wannier.init_orbitals,ase,added,,,,,
ase.dft.wannier.scdm,ase,added,,,,,
ase.dft.wannier.search_for_gamma_point,ase,added,,,,,
ase.dft.wannier.square_modulus_of_Z_diagonal,ase,added,,,,,
ase.geometry.dimensionality.interval_analysis.KInterval,ase,added,,,,,
ase.geometry.rdf.get_rdf,ase,added,,,,,
ase.gui.atomseditor.Column,ase,added,added,added,added,added,added
ase.gui.ui.bind_enter,ase,added,added,added,added,added,added
ase.io.aims.AimsOutCalcChunk,ase,added,,,,,
ase.io.aims.AimsParseError,ase,added,,,,,
ase.io.aims.check_convergence,ase,added,,,,,
ase.io.aims.format_aims_control_parameter,ase,added,,,,,
ase.io.aims.get_aims_out_chunks,ase,added,,,,,
ase.io.aims.get_species_directory,ase,added,,,,,
ase.io.aims.manipulate_tiers,ase,added,,,,,
ase.io.aims.parse_species_path,ase,added,,,,,
ase.io.aims.read_aims_results,ase,added,,,,,
ase.io.aims.write_control,ase,added,,,,,
ase.io.aims.write_species,ase,added,,,,,
ase.io.castep.castep_reader.read_castep_castep,ase,modified,,,,,
ase.io.castep.geom_md_ts.Parser,ase,added,added,added,added,added,
ase.io.castep.geom_md_ts.iread_castep_geom,ase,added,added,added,added,added,
ase.io.castep.geom_md_ts.read_castep_md,ase,added,modified,modified,modified,modified,
ase.io.castep.geom_md_ts.write_castep_geom,ase,added,added,added,added,added,
ase.io.castep.read_bands,ase,modified,,,,,
ase.io.cif.read_cif,ase,modified,,,,,
ase.io.cjson.read_cjson,ase,added,,,,,
ase.io.cube.read_cube,ase,modified,,,,,
ase.io.cube.write_cube,ase,modified,,,,,
ase.io.dlp4.iread_dlp_history,ase,modified,,,,,
ase.io.dlp4.read_dlp4,ase,modified,,,,,
ase.io.eon.EONHeader,ase,added,,,,,
ase.io.eon.write_eon,ase,modified,,,,,
ase.io.espresso.canonicalize_constraints,ase,added,,,,,
ase.io.espresso.convert_constraint_flags,ase,added,,,,,
ase.io.espresso.format_atom_position,ase,added,,,,,
ase.io.espresso.read_espresso_out,ase,modified,,,,,
ase.io.espresso.read_espresso_ph,ase,added,,,,,
ase.io.espresso.write_espresso_in,ase,modified,,,,,
ase.io.espresso.write_espresso_ph,ase,added,,,,,
ase.io.espresso.write_fortran_namelist,ase,added,,,,,
ase.io.espresso_namelist.namelist.Namelist,ase,added,,,,,
ase.io.exciting.ase_atoms_from_exciting_input_xml,ase,added,,,,,
ase.io.exciting.parse_output,ase,added,,,,,
ase.io.exciting.write_input_xml_file,ase,added,,,,,
ase.io.extxyz.XYZChunk,ase,modified,modified,modified,modified,modified,modified
ase.io.extxyz.output_column_format,ase,modified,,,,,
ase.io.extxyz.save_calc_results,ase,added,,,,,
ase.io.extxyz.write_xyz,ase,modified,,,,,
ase.io.formats.is_compressed,ase,added,,,,,
ase.io.gen.write_gen,ase,modified,modified,modified,modified,modified,modified
ase.io.gpumd.write_gpumd,ase,modified,,,,,
ase.io.lammpsdata.read_lammps_data,ase,modified,,,,,
ase.io.lammpsdata.write_lammps_data,ase,modified,modified,modified,modified,modified,modified
ase.io.lammpsrun.read_lammps_dump_binary,ase,modified,modified,modified,modified,modified,modified
ase.io.mol.read_mol,ase,modified,,,,,
ase.io.onetep.read_onetep_in,ase,added,,,,,
ase.io.onetep.read_onetep_out,ase,added,,,,,
ase.io.onetep.write_onetep_in,ase,added,,,,,
ase.io.orca.get_chunks,ase,added,added,added,added,added,
ase.io.orca.read_center_of_mass,ase,added,,,,,
ase.io.orca.read_dipole,ase,added,,,,,
ase.io.orca.read_forces,ase,added,added,added,added,added,
ase.io.orca.read_orca_output,ase,added,modified,modified,modified,modified,
ase.io.sdf.get_num_atoms_sdf_v2000,ase,added,,,,,
ase.io.sdf.serialize_property_v2000,ase,added,added,added,added,added,added
ase.io.sdf.write_sdf,ase,added,added,added,added,added,added
ase.io.trajectory.Trajectory,ase,modified,,,,,
ase.io.utils.complete_camera_vectors,ase,added,added,added,added,added,
ase.io.utils.connectivity2bonds,ase,added,added,added,added,added,added
ase.io.utils.get_cell_vertex_points,ase,added,added,added,added,added,
ase.io.utils.segment_list,ase,added,,,,,
ase.io.utils.validate_comment_line,ase,added,added,added,added,added,added
ase.io.vasp.parse_poscar_scaling_factor,ase,added,added,added,added,,
ase.io.vasp.read_lattice_velocities,ase,added,added,added,added,added,added
ase.io.vasp.read_vasp_configuration,ase,added,added,added,added,added,
ase.io.vasp.read_velocities_if_present,ase,added,added,added,added,added,
ase.io.vasp.set_constraints,ase,added,,,,,
ase.io.vasp.write_vasp,ase,modified,,,,,
ase.io.vasp_parsers.vasp_outcar_parsers.KpointHeader,ase,modified,,,,,
ase.io.vasp_parsers.vasp_outcar_parsers.NoNonEmptyLines,ase,added,,,,,
ase.io.vasp_parsers.vasp_outcar_parsers.find_next_non_empty_line,ase,added,,,,,
ase.io.x3d.element,ase,added,,,,,
ase.io.x3d.get_maximum_extent,ase,added,,,,,
ase.io.x3d.wireframe_face,ase,added,,,,,
ase.io.x3d.write_x3d,ase,modified,,,,,
ase.io.x3d.x3d_atom,ase,added,,,,,
ase.io.x3d.x3d_wireframe_box,ase,added,,,,,
ase.lattice.Match,ase,added,added,added,added,added,added
ase.lattice.all_variants,ase,modified,,,,,
ase.lattice.bravais.Lattice,ase,modified,modified,modified,modified,modified,modified
ase.lattice.match_to_lattice,ase,added,added,added,added,added,added
ase.md.andersen.Andersen,ase,modified,modified,modified,modified,modified,
ase.md.bussi.Bussi,ase,added,added,added,added,modified,
ase.md.contour_exploration.ContourExploration,ase,modified,,,,,
ase.md.langevin.Langevin,ase,modified,modified,modified,modified,modified,
ase.md.langevinbaoab.LangevinBAOAB,ase,added,added,added,added,added,added
ase.md.logger.MDLogger,ase,modified,,,,,
ase.md.nose_hoover_chain.IsotropicMTKBarostat,ase,added,added,added,added,added,modified
ase.md.nose_hoover_chain.IsotropicMTKNPT,ase,added,added,added,added,added,
ase.md.nose_hoover_chain.MTKBarostat,ase,added,added,added,added,added,added
ase.md.nose_hoover_chain.MaskedMTKNPT,ase,added,added,added,added,added,added
ase.md.nose_hoover_chain.NoseHooverChainNVT,ase,added,added,added,added,,
ase.md.nose_hoover_chain.NoseHooverChainThermostat,ase,added,added,added,added,modified,
ase.md.nptberendsen.Inhomogeneous_NPTBerendsen,ase,modified,,,,,
ase.md.nvtberendsen.NVTBerendsen,ase,modified,modified,modified,modified,modified,
ase.md.verlet.VelocityVerlet,ase,modified,modified,modified,modified,,
ase.mep.autoneb.store_E_and_F_in_spc,ase,added,,,,,
ase.mep.dimer.DimerAtoms,ase,modified,,,,,
ase.mep.dimer.DimerControl,ase,modified,modified,modified,modified,modified,modified
ase.mep.dimer.DimerEigenmodeSearch,ase,modified,,,,,
ase.mep.dimer.DimerTranslate,ase,modified,,,,,
ase.mep.dimer.MinModeAtoms,ase,modified,modified,modified,modified,modified,modified
ase.mep.dimer.MinModeControl,ase,modified,,,,,
ase.mep.neb.ASENEBMethod,ase,added,,,,,
ase.mep.neb.BaseSplineMethod,ase,added,,,,,
ase.mep.neb.IDPP,ase,added,,,,,
ase.mep.neb.ImprovedTangentMethod,ase,added,,,,,
ase.mep.neb.NEBOptimizer,ase,added,,,,,
ase.mep.neb.NEBTools,ase,added,modified,modified,modified,modified,modified
ase.mep.neb.idpp_interpolate,ase,added,,,,,
ase.optimize.cellawarebfgs.calculate_isotropic_elasticity_tensor,ase,added,,,,,
ase.optimize.climbfixinternals.BFGSClimbFixInternals,ase,added,modified,modified,modified,,
ase.optimize.climbfixinternals.get_constr2climb,ase,added,,,,,
ase.optimize.climbfixinternals.get_fixinternals,ase,added,,,,,
ase.optimize.lbfgs.LBFGS,ase,modified,modified,modified,modified,,
ase.optimize.minimahopping.MinimaHopping,ase,modified,modified,modified,modified,modified,modified
ase.optimize.ode.ODE12r,ase,modified,modified,modified,modified,,
ase.optimize.optimize.BaseDynamics,ase,added,added,added,added,added,added
ase.optimize.optimize.Dynamics,ase,modified,modified,modified,modified,modified,modified
ase.optimize.precon.lbfgs.PreconLBFGS,ase,modified,modified,modified,modified,,
ase.optimize.sciopt.SciPyFmin,ase,modified,modified,modified,modified,,
ase.optimize.sciopt.SciPyFminBFGS,ase,modified,modified,modified,modified,,
ase.optimize.sciopt.SciPyFminCG,ase,modified,modified,modified,modified,,
ase.optimize.sciopt.SciPyGradientlessOptimizer,ase,modified,modified,modified,modified,,
ase.parallel.AsapCommWrapper,ase,added,added,added,added,added,added
ase.parallel.MPI,ase,added,,,,,
ase.parallel.distribute_cpus,ase,added,,,,,
ase.parallel.myslice,ase,added,,,,,
ase.parallel.parprint,ase,modified,modified,modified,modified,modified,modified
ase.parallel.register_parallel_cleanup_function,ase,added,,,,,
ase.pourbaix.Pourbaix,ase,added,added,added,added,,
ase.pourbaix.PourbaixDiagram,ase,added,added,added,added,,
ase.pourbaix.Species,ase,added,added,added,added,,
ase.pourbaix.add_numbers,ase,added,added,added,added,,
ase.pourbaix.add_phase_labels,ase,added,added,added,added,,
ase.pourbaix.add_redox_lines,ase,added,added,added,added,,
ase.pourbaix.get_main_products,ase,added,added,added,added,,
ase.pourbaix.get_phases,ase,added,added,added,added,,
ase.pourbaix.get_product_combos,ase,added,added,added,added,,
ase.pourbaix.initialize_refs,ase,added,added,added,added,,
ase.pourbaix.make_coeff_nice,ase,added,added,added,added,,
ase.spacegroup.symmetrize.IntermediateDatasetError,ase,added,,,,,
ase.spacegroup.symmetrize.get_symmetrized_atoms,ase,added,,,,,
ase.spacegroup.symmetrize.spglib_get_symmetry_dataset,ase,added,added,added,added,,
ase.stress.get_elasticity_tensor,ase,added,,,,,
ase.thermochemistry.BaseThermoChem,ase,added,added,added,added,added,added
ase.thermochemistry.HinderedThermo,ase,modified,,,,,
ase.thermochemistry.IdealGasThermo,ase,modified,modified,modified,modified,modified,modified
ase.thermochemistry.MSRRHOThermo,ase,added,added,added,added,added,added
ase.thermochemistry.RRHOMode,ase,added,added,added,added,added,added
ase.utils.checkimports.check_imports,ase,added,,,,,
ase.utils.cube.grid_2d_slice,ase,added,,,,,
ase.utils.get_python_package_path_description,ase,added,,,,,
ase.utils.plugins.ExternalIOFormat,ase,added,,,,,
ase.utils.plugins.ExternalViewer,ase,added,,,,,
ase.utils.ptable.ptable,ase,added,,,,,
ase.utils.string2index,ase,modified,,,,,
ase.visualize.ngl.view_ngl,ase,modified,,,,,
ase.visualize.plot.animate,ase,modified,,,,,
ase.visualize.plot.plot_atoms_raw,ase,added,added,added,added,added,added
ase.visualize.viewers.cli_main,ase,added,,,,,
ase.visualize.x3d.view_x3d,ase,added,,,,,
astropy.config.paths.get_cache_dir_path,astropy,added,added,added,added,,
astropy.config.paths.get_config_dir_path,astropy,added,added,added,added,,
astropy.coordinates.attributes.Attribute,astropy,modified,,,,,
astropy.coordinates.attributes.CartesianRepresentationAttribute,astropy,modified,,,,,
astropy.coordinates.attributes.CoordinateAttribute,astropy,modified,,,,,
astropy.coordinates.attributes.DifferentialAttribute,astropy,modified,,,,,
astropy.coordinates.attributes.EarthLocationAttribute,astropy,modified,,,,,
astropy.coordinates.attributes.QuantityAttribute,astropy,modified,,,,,
astropy.coordinates.attributes.TimeAttribute,astropy,modified,,,,,
astropy.coordinates.errors.NonRotationTransformationError,astropy,added,,,,,
astropy.coordinates.errors.NonRotationTransformationWarning,astropy,added,,,,,
astropy.coordinates.matching.CoordinateMatchResult,astropy,added,added,added,added,added,added
astropy.coordinates.matching.CoordinateSearchResult,astropy,added,added,added,added,added,added
astropy.coordinates.matrix_utilities.is_rotation_or_reflection,astropy,added,added,added,added,added,added
astropy.coordinates.representation.cylindrical.CylindricalDifferential,astropy,modified,,,,,
astropy.coordinates.solar_system.f,astropy,modified,modified,modified,modified,,
astropy.cosmology.Cosmology,astropy,modified,,,,,
astropy.cosmology.FLRW,astropy,modified,modified,modified,modified,,
astropy.cosmology.FlatCosmologyMixin,astropy,modified,,,,,
astropy.cosmology.FlatFLRWMixin,astropy,modified,,,,,
astropy.cosmology.FlatLambdaCDM,astropy,modified,modified,modified,modified,,
astropy.cosmology.Flatw0waCDM,astropy,modified,modified,modified,modified,,
astropy.cosmology.Flatw0wzCDM,astropy,modified,modified,modified,modified,,
astropy.cosmology.FlatwCDM,astropy,modified,modified,modified,modified,,
astropy.cosmology.FlatwpwaCDM,astropy,modified,modified,modified,modified,,
astropy.cosmology.LambdaCDM,astropy,modified,modified,modified,modified,,
astropy.cosmology.traits.CriticalDensity,astropy,added,added,added,added,added,added
astropy.cosmology.traits.CurvatureComponent,astropy,added,added,added,added,added,added
astropy.cosmology.traits.DarkMatterComponent,astropy,added,added,added,added,added,added
astropy.cosmology.traits.HubbleParameter,astropy,added,added,added,added,added,added
astropy.cosmology.traits.ScaleFactor,astropy,added,added,added,added,added,
astropy.cosmology.traits.TemperatureCMB,astropy,added,added,added,added,added,
astropy.cosmology.traits.TotalComponent,astropy,added,added,added,added,added,added
astropy.cosmology.w0waCDM,astropy,modified,modified,modified,modified,,
astropy.cosmology.w0wzCDM,astropy,modified,modified,modified,modified,,
astropy.cosmology.wCDM,astropy,modified,modified,modified,modified,,
astropy.cosmology.wpwaCDM,astropy,modified,modified,modified,modified,,
astropy.cosmology.z_at_value,astropy,modified,,,,,
astropy.io.ascii.basic.Csv,astropy,modified,modified,modified,modified,modified,modified
astropy.io.ascii.ecsv.ECSVHeaderSplitter,astropy,added,added,added,added,added,added
astropy.io.ascii.ecsv.ECSVHeaderSplitterQuoteAll,astropy,added,added,added,added,added,added
astropy.io.ascii.tdat.Tdat,astropy,added,added,added,added,added,
astropy.io.ascii.tdat.TdatOutputter,astropy,added,added,added,added,added,
astropy.io.ascii.ui.read_help,astropy,added,added,added,added,,
astropy.io.ascii.ui.write,astropy,modified,modified,modified,modified,,
astropy.io.ascii.ui.write_help,astropy,added,added,added,added,,
astropy.io.fits.connect.read_table_fits,astropy,modified,modified,modified,modified,modified,modified
astropy.io.fits.connect.write_table_fits,astropy,modified,modified,modified,modified,modified,modified
astropy.io.fits.convenience.table_to_hdu,astropy,modified,modified,modified,modified,modified,modified
astropy.io.fits.hdu.compressed.header.CompImageHeader,astropy,modified,modified,modified,modified,,
astropy.io.fits.hdu.compressed.section.decompress_image_data_section,astropy,modified,modified,modified,modified,,
astropy.io.misc.ecsv.ColumnECSV,astropy,added,added,added,added,added,added
astropy.io.misc.ecsv.DerivedColumnProperties,astropy,added,added,added,added,added,added
astropy.io.misc.ecsv.ECSVEngine,astropy,added,added,added,added,added,added
astropy.io.misc.ecsv.ECSVEngineIoAscii,astropy,added,added,added,added,added,added
astropy.io.misc.ecsv.ECSVHeader,astropy,added,added,added,added,added,added
astropy.io.misc.ecsv.convert_column,astropy,added,added,added,added,added,added
astropy.io.misc.ecsv.get_csv_np_type_dtype_shape,astropy,added,added,added,added,added,added
astropy.io.misc.ecsv.get_header_lines,astropy,added,added,added,added,added,added
astropy.io.misc.ecsv.get_null_values_per_column,astropy,added,added,added,added,added,added
astropy.io.misc.ecsv.get_str_vals,astropy,added,added,added,added,added,added
astropy.io.misc.ecsv.process_fixed_shape_multidim_data,astropy,added,added,added,added,added,added
astropy.io.misc.ecsv.process_object_data,astropy,added,added,added,added,added,added
astropy.io.misc.ecsv.process_variable_length_array_data,astropy,added,added,added,added,added,added
astropy.io.misc.ecsv.read_data,astropy,added,added,added,added,added,added
astropy.io.misc.ecsv.read_ecsv,astropy,added,added,added,added,added,added
astropy.io.misc.ecsv.read_header,astropy,added,added,added,added,added,added
astropy.io.misc.ecsv.register_ecsv_table,astropy,added,added,added,added,added,added
astropy.io.misc.ecsv.write_ecsv,astropy,added,added,added,added,added,added
astropy.io.misc.parquet.read_parquet_votable,astropy,added,added,added,added,,
astropy.io.misc.parquet.write_parquet_votable,astropy,added,added,added,added,,
astropy.io.misc.pyarrow.csv.check_has_pyarrow,astropy,added,added,added,added,added,
astropy.io.misc.pyarrow.csv.convert_pa_array_to_numpy,astropy,added,added,added,added,added,
astropy.io.misc.pyarrow.csv.convert_pa_string_array_to_numpy,astropy,added,added,added,added,added,
astropy.io.misc.pyarrow.csv.convert_pa_table_to_astropy_table,astropy,added,added,added,added,added,
astropy.io.misc.pyarrow.csv.get_convert_options,astropy,added,added,added,added,added,
astropy.io.misc.pyarrow.csv.get_read_options,astropy,added,added,added,added,added,
astropy.io.misc.pyarrow.csv.pyarrow_zero,astropy,added,added,added,added,added,
astropy.io.misc.pyarrow.csv.read_csv,astropy,added,added,added,added,added,
astropy.io.misc.pyarrow.csv.register_pyarrow_csv_table,astropy,added,added,added,added,added,
astropy.io.misc.pyarrow.csv.strip_comment_lines,astropy,added,added,added,added,added,
astropy.io.misc.yaml.cls,astropy,modified,modified,modified,modified,modified,modified
astropy.io.typing.ReadableFileLike,astropy,added,,,,,
astropy.io.typing.WriteableFileLike,astropy,added,,,,,
astropy.io.votable.dataorigin.DataOrigin,astropy,added,added,added,added,added,
astropy.io.votable.dataorigin.DatasetOrigin,astropy,added,added,added,added,added,
astropy.io.votable.dataorigin.QueryOrigin,astropy,added,added,added,added,added,
astropy.io.votable.dataorigin.add_data_origin_info,astropy,added,added,added,added,added,
astropy.io.votable.dataorigin.extract_data_origin,astropy,added,added,added,added,added,
astropy.io.votable.exceptions.W57,astropy,added,added,added,added,,
astropy.io.votable.tree.CooSys,astropy,modified,modified,modified,modified,,
astropy.modeling.core.CompoundModel,astropy,modified,modified,modified,modified,modified,modified
astropy.modeling.core.compose_models_with_units,astropy,added,added,added,added,added,added
astropy.modeling.fitting.FitInfoArrayContainer,astropy,added,added,added,added,added,
astropy.modeling.fitting.fitter_to_model_params_array,astropy,added,added,added,added,,
astropy.modeling.fitting.parallel_fit_dask,astropy,added,added,added,added,modified,
astropy.modeling.functional_models.Lorentz2D,astropy,added,added,added,added,,
astropy.modeling.optimizers.Optimization,astropy,modified,modified,modified,modified,modified,modified
astropy.nddata.bitmask.bitfield_to_boolean_mask,astropy,modified,,,,,
astropy.nddata.covariance.Covariance,astropy,added,added,added,added,added,
astropy.nddata.utils.Cutout2D,astropy,modified,modified,modified,modified,modified,
astropy.nddata.utils.add_array,astropy,modified,modified,modified,modified,modified,
astropy.nddata.utils.extract_array,astropy,modified,modified,modified,modified,modified,
astropy.nddata.utils.overlap_slices,astropy,modified,modified,modified,modified,modified,
astropy.stats.funcs.poisson_conf_interval,astropy,modified,modified,modified,modified,,
astropy.stats.nanfunctions.nanmadstd,astropy,added,added,added,added,,
astropy.stats.sigma_clipping.SigmaClippedStats,astropy,added,added,added,added,,
astropy.stats.sigma_clipping.sigma_clip,astropy,modified,modified,modified,modified,,
astropy.table.index.TableILoc,astropy,modified,modified,modified,modified,modified,modified
astropy.table.index.TableLoc,astropy,modified,modified,modified,modified,modified,modified
astropy.table.index.TableLocIndices,astropy,modified,modified,modified,modified,modified,modified
astropy.table.mixins.dask.DaskColumn,astropy,added,added,added,added,,
astropy.table.notebook_backends.ipydatagrid,astropy,added,added,added,added,,
astropy.table.operations.join,astropy,modified,modified,modified,modified,,
astropy.time.core.Time,astropy,modified,,,,,
astropy.time.core.TimeDelta,astropy,modified,,,,,
astropy.time.formats.TimeGalexSec,astropy,added,added,added,added,added,added
astropy.timeseries.downsample.nanmean_reduceat,astropy,added,added,added,added,added,
astropy.units.core.UnitPrefix,astropy,added,added,added,added,added,
astropy.units.core.def_unit,astropy,modified,modified,modified,modified,modified,
astropy.units.enums.DeprecatedUnitAction,astropy,added,added,added,added,added,added
astropy.units.equivalencies.magnetic_flux_field,astropy,added,added,added,added,,
astropy.units.format.fits.FITS,astropy,added,added,added,added,,
astropy.units.utils.sanitize_power,astropy,added,,,,,
astropy.utils.decorators.future_keyword_only,astropy,added,added,added,added,added,
astropy.utils.diff.where_not_allclose,astropy,modified,modified,modified,modified,modified,modified
astropy.utils.masked.core.MaskableShapedLikeNDArray,astropy,added,added,added,added,,
astropy.utils.masked.core.MaskedRecarrayInfo,astropy,added,,,,,
astropy.utils.masked.core.combine_masks,astropy,added,added,added,added,,
astropy.utils.masked.core.get_data_and_mask,astropy,added,added,added,added,,
astropy.utils.masked.function_helpers.empty_like_impl,astropy,added,added,added,added,added,added
astropy.utils.masked.function_helpers.ones_like,astropy,modified,,,,,
astropy.utils.masked.function_helpers.zeros_like,astropy,modified,,,,,
astropy.utils.system_info.system_info,astropy,added,added,added,added,,
astropy.visualization.basic_rgb.RGBImageMapping,astropy,added,added,added,added,,
astropy.visualization.basic_rgb.make_rgb,astropy,added,added,added,added,,
astropy.visualization.interval.AsymmetricPercentileInterval,astropy,modified,modified,modified,modified,,
astropy.visualization.interval.SymmetricInterval,astropy,added,added,added,added,added,added
astropy.visualization.lupton_rgb.AsinhMapping,astropy,,,,,added,
astropy.visualization.lupton_rgb.AsinhZScaleMapping,astropy,,,,,added,
astropy.visualization.lupton_rgb.LinearMapping,astropy,,,,,added,
astropy.visualization.lupton_rgb.LuptonAsinhStretch,astropy,added,added,added,added,,
astropy.visualization.lupton_rgb.LuptonAsinhZscaleStretch,astropy,added,added,added,added,,
astropy.visualization.lupton_rgb.RGBImageMappingLupton,astropy,added,added,added,added,,
astropy.visualization.mpl_normalize.SimpleNorm,astropy,added,added,added,added,,
astropy.visualization.mpl_normalize.simple_norm,astropy,modified,,,,,
astropy.visualization.scripts.fits2bitmap.fits2bitmap,astropy,modified,,,,,
astropy.visualization.wcsaxes.core.auto_assign_coord_positions,astropy,added,added,added,added,,
astropy.visualization.wcsaxes.ticks.Ticks,astropy,modified,modified,modified,modified,,
astropy.wcs.wcs.WCS,astropy,modified,modified,modified,modified,modified,modified
astropy.wcs.wcsapi.fitswcs.quantity_allclose,astropy,added,added,added,added,added,added
deepchem.data.data_loader.BAMLoader,deepchem,added,,,,,
deepchem.data.data_loader.CRAMLoader,deepchem,added,,,,,
deepchem.data.data_loader.DFTYamlLoader,deepchem,added,,,,,
deepchem.data.data_loader.ImageLoader,deepchem,modified,,,,,
deepchem.data.data_loader.SAMLoader,deepchem,added,,,,,
deepchem.feat.bio_seq_featurizer.BAMFeaturizer,deepchem,added,,,,,
deepchem.feat.bio_seq_featurizer.CRAMFeaturizer,deepchem,added,,,,,
deepchem.feat.graph_data.shortest_path_length,deepchem,added,,,,,
deepchem.feat.molecule_featurizers.conformer_featurizer.safe_index,deepchem,added,,,,,
deepchem.feat.molecule_featurizers.grover_featurizer.GroverFeaturizer,deepchem,added,,,,,
deepchem.feat.molecule_featurizers.rdkit_descriptors.RDKitDescriptors,deepchem,modified,,,,,
deepchem.feat.vocabulary_builders.grover_vocab.GroverAtomVocabTokenizer,deepchem,added,,,,,
deepchem.feat.vocabulary_builders.grover_vocab.GroverAtomVocabularyBuilder,deepchem,added,,,,,
deepchem.feat.vocabulary_builders.grover_vocab.GroverBondVocabTokenizer,deepchem,added,,,,,
deepchem.feat.vocabulary_builders.grover_vocab.GroverBondVocabularyBuilder,deepchem,added,,,,,
deepchem.feat.vocabulary_builders.hf_vocab.HuggingFaceVocabularyBuilder,deepchem,added,,,,,
deepchem.feat.vocabulary_builders.vocabulary_builder.VocabularyBuilder,deepchem,added,,,,,
deepchem.metalearning.torch_maml.MAML,deepchem,modified,,,,,
deepchem.models.dft.hamilton.orbparams.BaseOrbParams,deepchem,added,,,,,
deepchem.models.dft.hamilton.orbparams.MatExpOrbParams,deepchem,added,,,,,
deepchem.models.dft.hamilton.orbparams.QROrbParams,deepchem,added,,,,,
deepchem.models.losses.DeepGraphInfomaxLoss,deepchem,added,,,,,
deepchem.models.losses.EdgePredictionLoss,deepchem,added,,,,,
deepchem.models.losses.GraphNodeMaskingLoss,deepchem,added,,,,,
deepchem.models.losses.NTXentMultiplePositives,deepchem,added,,,,,
deepchem.models.losses.get_negative_expectation,deepchem,added,,,,,
deepchem.models.losses.get_positive_expectation,deepchem,added,,,,,
deepchem.models.losses.log_sum_exp,deepchem,added,,,,,
deepchem.models.torch_models.acnn.AtomConvModel,deepchem,added,,,,,
deepchem.models.torch_models.attention.ScaledDotProductAttention,deepchem,added,,,,,
deepchem.models.torch_models.attention.SelfAttention,deepchem,added,,,,,
deepchem.models.torch_models.dmpnn.DMPNN,deepchem,added,,,,,
deepchem.models.torch_models.dtnn.DTNN,deepchem,added,,,,,
deepchem.models.torch_models.ferminet.Ferminet,deepchem,modified,,,,,
deepchem.models.torch_models.gnn.GNN,deepchem,added,,,,,
deepchem.models.torch_models.gnn.GNNHead,deepchem,added,,,,,
deepchem.models.torch_models.gnn.GNNModular,deepchem,added,,,,,
deepchem.models.torch_models.gnn.LocalGlobalDiscriminator,deepchem,added,,,,,
deepchem.models.torch_models.gnn.context_pred_sampler,deepchem,added,,,,,
deepchem.models.torch_models.gnn.cycle_index,deepchem,added,,,,,
deepchem.models.torch_models.gnn.mask_edges,deepchem,added,,,,,
deepchem.models.torch_models.gnn.mask_nodes,deepchem,added,,,,,
deepchem.models.torch_models.gnn.negative_edge_sampler,deepchem,added,,,,,
deepchem.models.torch_models.grover.GroverFinetune,deepchem,added,,,,,
deepchem.models.torch_models.grover.GroverModel,deepchem,added,,,,,
deepchem.models.torch_models.grover.GroverPretrain,deepchem,added,,,,,
deepchem.models.torch_models.grover_layers.GroverAtomVocabPredictor,deepchem,added,,,,,
deepchem.models.torch_models.grover_layers.GroverAttentionHead,deepchem,added,,,,,
deepchem.models.torch_models.grover_layers.GroverBondVocabPredictor,deepchem,added,,,,,
deepchem.models.torch_models.grover_layers.GroverEmbedding,deepchem,added,,,,,
deepchem.models.torch_models.grover_layers.GroverFunctionalGroupPredictor,deepchem,added,,,,,
deepchem.models.torch_models.grover_layers.GroverMPNEncoder,deepchem,added,,,,,
deepchem.models.torch_models.grover_layers.GroverMTBlock,deepchem,added,,,,,
deepchem.models.torch_models.grover_layers.GroverTransEncoder,deepchem,added,,,,,
deepchem.models.torch_models.infograph.GINEncoder,deepchem,added,,,,,
deepchem.models.torch_models.infograph.InfoGraph,deepchem,added,,,,,
deepchem.models.torch_models.infograph.InfoGraphFinetune,deepchem,added,,,,,
deepchem.models.torch_models.infograph.InfoGraphStar,deepchem,added,,,,,
deepchem.models.torch_models.layers.AtomicConv,deepchem,added,,,,,
deepchem.models.torch_models.layers.DecoderRNN,deepchem,added,,,,,
deepchem.models.torch_models.layers.FerminetElectronFeature,deepchem,added,,,,,
deepchem.models.torch_models.layers.FerminetEnvelope,deepchem,added,,,,,
deepchem.models.torch_models.layers.HighwayLayer,deepchem,added,,,,,
deepchem.models.torch_models.layers.MXMNetBesselBasisLayer,deepchem,added,,,,,
deepchem.models.torch_models.layers.MXMNetGlobalMessagePassing,deepchem,added,,,,,
deepchem.models.torch_models.layers.MXMNetLocalMessagePassing,deepchem,added,,,,,
deepchem.models.torch_models.layers.MXMNetSphericalBasisLayer,deepchem,added,,,,,
deepchem.models.torch_models.layers.MultilayerPerceptron,deepchem,added,,,,,
deepchem.models.torch_models.progressive_multitask.ProgressiveMultitask,deepchem,added,,,,,
deepchem.models.torch_models.readout.GroverReadout,deepchem,added,,,,,
deepchem.models.torch_models.seqtoseq.SeqToSeqModel,deepchem,added,,,,,
deepchem.models.torch_models.text_cnn.TextCNN,deepchem,added,,,,,
deepchem.models.torch_models.weavemodel_pytorch.Weave,deepchem,added,,,,,
deepchem.models.trainer.DistributedTrainer,deepchem,added,,,,,
deepchem.molnet.load_function.bbbc_datasets.load_bbbc003,deepchem,added,,,,,
deepchem.molnet.load_function.bbbc_datasets.load_bbbc004,deepchem,added,,,,,
deepchem.molnet.load_function.bbbc_datasets.load_bbbc005,deepchem,added,,,,,
deepchem.molnet.load_function.tox21_datasets.load_tox21,deepchem,modified,,,,,
deepchem.molnet.load_function.zinc15_datasets.load_zinc15,deepchem,modified,,,,,
deepchem.utils.attribute_utils.del_attr,deepchem,added,,,,,
deepchem.utils.attribute_utils.get_attr,deepchem,added,,,,,
deepchem.utils.attribute_utils.set_attr,deepchem,added,,,,,
deepchem.utils.batch_utils.batch_coulomb_matrix_features,deepchem,added,,,,,
deepchem.utils.batch_utils.batch_elements,deepchem,added,,,,,
deepchem.utils.batch_utils.create_input_array,deepchem,added,,,,,
deepchem.utils.batch_utils.create_output_array,deepchem,added,,,,,
deepchem.utils.dft_utils.api.parser.parse_moldesc,deepchem,added,,,,,
deepchem.utils.dft_utils.data.datastruct.AtomCGTOBasis,deepchem,added,,,,,
deepchem.utils.dft_utils.data.datastruct.CGTOBasis,deepchem,added,,,,,
deepchem.utils.dft_utils.data.datastruct.SpinParam,deepchem,added,,,,,
deepchem.utils.dft_utils.data.datastruct.ValGrad,deepchem,added,,,,,
deepchem.utils.dft_utils.df.base_df.BaseDF,deepchem,added,,,,,
deepchem.utils.dft_utils.grid.base_grid.BaseGrid,deepchem,added,,,,,
deepchem.utils.dft_utils.grid.radial_grid.BaseGridTransform,deepchem,added,,,,,
deepchem.utils.dft_utils.grid.radial_grid.DE2Transformation,deepchem,added,,,,,
deepchem.utils.dft_utils.grid.radial_grid.LogM3Transformation,deepchem,added,,,,,
deepchem.utils.dft_utils.grid.radial_grid.RadialGrid,deepchem,added,,,,,
deepchem.utils.dft_utils.grid.radial_grid.TreutlerM4Transformation,deepchem,added,,,,,
deepchem.utils.dft_utils.grid.radial_grid.get_grid_transform,deepchem,added,,,,,
deepchem.utils.dft_utils.grid.radial_grid.get_xw_integration,deepchem,added,,,,,
deepchem.utils.dft_utils.hamilton.base_hamilton.BaseHamilton,deepchem,added,,,,,
deepchem.utils.dft_utils.hamilton.intor.lattice.Lattice,deepchem,added,,,,,
deepchem.utils.dft_utils.system.base_system.BaseSystem,deepchem,added,,,,,
deepchem.utils.dft_utils.xc.base_xc.AddBaseXC,deepchem,added,,,,,
deepchem.utils.dft_utils.xc.base_xc.BaseXC,deepchem,added,,,,,
deepchem.utils.dft_utils.xc.base_xc.MulBaseXC,deepchem,added,,,,,
deepchem.utils.differentiation_utils.bcast.get_bcasted_dims,deepchem,added,,,,,
deepchem.utils.differentiation_utils.bcast.match_dim,deepchem,added,,,,,
deepchem.utils.differentiation_utils.bcast.normalize_bcast_dims,deepchem,added,,,,,
deepchem.utils.differentiation_utils.broyden1_solve,deepchem,added,,,,,
deepchem.utils.differentiation_utils.editable_module.EditableModule,deepchem,added,,,,,
deepchem.utils.differentiation_utils.grad.connect_graph,deepchem,added,,,,,
deepchem.utils.differentiation_utils.grad.jac,deepchem,added,,,,,
deepchem.utils.differentiation_utils.linop.AddLinearOperator,deepchem,added,,,,,
deepchem.utils.differentiation_utils.linop.LinearOperator,deepchem,added,,,,,
deepchem.utils.differentiation_utils.linop.MatmulLinearOperator,deepchem,added,,,,,
deepchem.utils.differentiation_utils.misc.assert_runtime,deepchem,added,,,,,
deepchem.utils.differentiation_utils.misc.get_and_pop_keys,deepchem,added,,,,,
deepchem.utils.differentiation_utils.misc.get_method,deepchem,added,,,,,
deepchem.utils.differentiation_utils.misc.set_default_option,deepchem,added,,,,,
deepchem.utils.differentiation_utils.optimize.equilibrium.anderson_acc,deepchem,added,,,,,
deepchem.utils.differentiation_utils.optimize.jacobian.BroydenFirst,deepchem,added,,,,,
deepchem.utils.differentiation_utils.optimize.jacobian.BroydenSecond,deepchem,added,,,,,
deepchem.utils.differentiation_utils.optimize.jacobian.FullRankMatrix,deepchem,added,,,,,
deepchem.utils.differentiation_utils.optimize.jacobian.Jacobian,deepchem,added,,,,,
deepchem.utils.differentiation_utils.optimize.jacobian.LinearMixing,deepchem,added,,,,,
deepchem.utils.differentiation_utils.optimize.jacobian.LowRankMatrix,deepchem,added,,,,,
deepchem.utils.differentiation_utils.optimize.minimizer.TerminationCondition,deepchem,added,,,,,
deepchem.utils.differentiation_utils.optimize.minimizer.adam,deepchem,added,,,,,
deepchem.utils.differentiation_utils.optimize.minimizer.gd,deepchem,added,,,,,
deepchem.utils.differentiation_utils.optimize.rootfinder.equilibrium,deepchem,added,,,,,
deepchem.utils.differentiation_utils.optimize.rootfinder.minimize,deepchem,added,,,,,
deepchem.utils.differentiation_utils.optimize.rootfinder.rootfinder,deepchem,added,,,,,
deepchem.utils.differentiation_utils.optimize.rootsolver.TerminationCondition,deepchem,added,,,,,
deepchem.utils.differentiation_utils.optimize.rootsolver.broyden1,deepchem,added,,,,,
deepchem.utils.differentiation_utils.optimize.rootsolver.broyden2,deepchem,added,,,,,
deepchem.utils.differentiation_utils.optimize.rootsolver.linearmixing,deepchem,added,,,,,
deepchem.utils.differentiation_utils.pure_function.EditableModulePureFunction,deepchem,added,,,,,
deepchem.utils.differentiation_utils.pure_function.PureFunction,deepchem,added,,,,,
deepchem.utils.differentiation_utils.pure_function.TorchNNPureFunction,deepchem,added,,,,,
deepchem.utils.differentiation_utils.pure_function.get_pure_function,deepchem,added,,,,,
deepchem.utils.differentiation_utils.pure_function.make_sibling,deepchem,added,,,,,
deepchem.utils.differentiation_utils.solve.bicgstab,deepchem,added,,,,,
deepchem.utils.differentiation_utils.solve.cg,deepchem,added,,,,,
deepchem.utils.differentiation_utils.solve.dot,deepchem,added,,,,,
deepchem.utils.differentiation_utils.solve.exactsolve,deepchem,added,,,,,
deepchem.utils.differentiation_utils.solve.get_batchdims,deepchem,added,,,,,
deepchem.utils.differentiation_utils.solve.get_largest_eival,deepchem,added,,,,,
deepchem.utils.differentiation_utils.solve.gmres,deepchem,added,,,,,
deepchem.utils.differentiation_utils.solve.safedenom,deepchem,added,,,,,
deepchem.utils.differentiation_utils.solve.setup_linear_problem,deepchem,added,,,,,
deepchem.utils.differentiation_utils.solve.setup_precond,deepchem,added,,,,,
deepchem.utils.differentiation_utils.solve.solve,deepchem,added,,,,,
deepchem.utils.differentiation_utils.solve.solve_ABE,deepchem,added,,,,,
deepchem.utils.differentiation_utils.solve.solve_torchfcn,deepchem,added,,,,,
deepchem.utils.differentiation_utils.solve.wrap_gmres,deepchem,added,,,,,
deepchem.utils.differentiation_utils.symeig.davidson,deepchem,added,,,,,
deepchem.utils.differentiation_utils.symeig.degen_symeig,deepchem,added,,,,,
deepchem.utils.differentiation_utils.symeig.exacteig,deepchem,added,,,,,
deepchem.utils.differentiation_utils.symeig.lsymeig,deepchem,added,,,,,
deepchem.utils.differentiation_utils.symeig.ortho,deepchem,added,,,,,
deepchem.utils.differentiation_utils.symeig.svd,deepchem,added,,,,,
deepchem.utils.differentiation_utils.symeig.symeig,deepchem,added,,,,,
deepchem.utils.differentiation_utils.symeig.symeig_torchfcn,deepchem,added,,,,,
deepchem.utils.differentiation_utils.symeig.usymeig,deepchem,added,,,,,
deepchem.utils.electron_sampler.ElectronSampler,deepchem,modified,,,,,
deepchem.utils.equivariance_utils.change_basis_real_to_complex,deepchem,added,,,,,
deepchem.utils.equivariance_utils.commutator,deepchem,added,,,,,
deepchem.utils.equivariance_utils.so3_generators,deepchem,added,,,,,
deepchem.utils.equivariance_utils.su2_generators,deepchem,added,,,,,
deepchem.utils.equivariance_utils.wigner_D,deepchem,added,,,,,
deepchem.utils.graph_utils.aggregate_max,deepchem,added,,,,,
deepchem.utils.graph_utils.aggregate_mean,deepchem,added,,,,,
deepchem.utils.graph_utils.aggregate_min,deepchem,added,,,,,
deepchem.utils.graph_utils.aggregate_moment,deepchem,added,,,,,
deepchem.utils.graph_utils.aggregate_std,deepchem,added,,,,,
deepchem.utils.graph_utils.aggregate_sum,deepchem,added,,,,,
deepchem.utils.graph_utils.aggregate_var,deepchem,added,,,,,
deepchem.utils.graph_utils.fourier_encode_dist,deepchem,added,,,,,
deepchem.utils.graph_utils.scale_amplification,deepchem,added,,,,,
deepchem.utils.graph_utils.scale_attenuation,deepchem,added,,,,,
deepchem.utils.graph_utils.scale_identity,deepchem,added,,,,,
deepchem.utils.grover.BatchGroverGraph,deepchem,added,,,,,
deepchem.utils.grover.extract_grover_attributes,deepchem,added,,,,,
deepchem.utils.misc_utils.ConvergenceWarning,deepchem,added,,,,,
deepchem.utils.misc_utils.GetSetParamsError,deepchem,added,,,,,
deepchem.utils.misc_utils.MathWarning,deepchem,added,,,,,
deepchem.utils.misc_utils.Uniquifier,deepchem,added,,,,,
deepchem.utils.misc_utils.indent,deepchem,added,,,,,
deepchem.utils.misc_utils.shape2str,deepchem,added,,,,,
deepchem.utils.periodic_table_utils.get_atom_mass,deepchem,added,,,,,
deepchem.utils.periodic_table_utils.get_atomz,deepchem,added,,,,,
deepchem.utils.periodic_table_utils.get_period,deepchem,added,,,,,
deepchem.utils.pytorch_utils.TensorNonTensorSeparator,deepchem,added,,,,,
deepchem.utils.pytorch_utils.chunkify,deepchem,added,,,,,
deepchem.utils.pytorch_utils.gaussian_integral,deepchem,added,,,,,
deepchem.utils.pytorch_utils.get_memory,deepchem,added,,,,,
deepchem.utils.pytorch_utils.get_np_dtype,deepchem,added,,,,,
deepchem.utils.pytorch_utils.segment_sum,deepchem,added,,,,,
deepchem.utils.pytorch_utils.tallqr,deepchem,added,,,,,
deepchem.utils.pytorch_utils.to_fortran_order,deepchem,added,,,,,
deepchem.utils.pytorch_utils.unsorted_segment_sum,deepchem,added,,,,,
deepchem.utils.safeops_utils.get_floor_and_ceil,deepchem,added,,,,,
deepchem.utils.safeops_utils.occnumber,deepchem,added,,,,,
deepchem.utils.safeops_utils.safe_cdist,deepchem,added,,,,,
deepchem.utils.safeops_utils.safedenom,deepchem,added,,,,,
deepchem.utils.safeops_utils.safenorm,deepchem,added,,,,,
deepchem.utils.safeops_utils.safepow,deepchem,added,,,,,
diffusers.callbacks.IPAdapterScaleCutoffCallback,diffusers,added,,,,,
diffusers.callbacks.MultiPipelineCallbacks,diffusers,added,,,,,
diffusers.callbacks.PipelineCallback,diffusers,added,,,,,
diffusers.callbacks.SDXLControlnetCFGCutoffCallback,diffusers,added,added,added,added,,
diffusers.guiders.frequency_decoupled_guidance.FrequencyDecoupledGuidance,diffusers,added,added,added,added,added,added
diffusers.guiders.frequency_decoupled_guidance.build_image_from_pyramid,diffusers,added,added,added,added,added,added
diffusers.guiders.frequency_decoupled_guidance.project,diffusers,added,added,added,added,added,added
diffusers.guiders.skip_layer_guidance.SkipLayerGuidance,diffusers,added,added,added,added,added,added
diffusers.guiders.smoothed_energy_guidance.SmoothedEnergyGuidance,diffusers,added,added,added,added,added,added
diffusers.hooks.context_parallel.ContextParallelInput,diffusers,added,added,added,added,added,added
diffusers.hooks.context_parallel.ModuleForwardMetadata,diffusers,added,added,added,added,added,added
diffusers.hooks.context_parallel.gather_size_by_comm,diffusers,added,added,added,added,added,added
diffusers.hooks.context_parallel.lru_cache_unless_export,diffusers,added,added,added,added,added,added
diffusers.hooks.faster_cache.FasterCacheConfig,diffusers,added,added,added,added,added,
diffusers.hooks.faster_cache.apply_faster_cache,diffusers,added,added,added,added,added,
diffusers.hooks.first_block_cache.apply_first_block_cache,diffusers,added,added,added,added,added,added
diffusers.hooks.group_offloading.apply_group_offloading,diffusers,added,added,added,added,added,modified
diffusers.hooks.layer_skip.AttentionScoreSkipFunctionMode,diffusers,added,added,added,added,added,added
diffusers.hooks.layer_skip.apply_layer_skip,diffusers,added,added,added,added,added,added
diffusers.hooks.layerwise_casting.PeftInputAutocastDisableHook,diffusers,added,added,added,added,added,
diffusers.hooks.layerwise_casting.apply_layerwise_casting,diffusers,added,added,added,added,added,
diffusers.hooks.layerwise_casting.apply_layerwise_casting_hook,diffusers,added,added,added,added,added,
diffusers.hooks.mag_cache.apply_mag_cache,diffusers,added,added,added,added,added,added
diffusers.hooks.mag_cache.nearest_interp,diffusers,added,added,added,added,added,added
diffusers.hooks.pyramid_attention_broadcast.PyramidAttentionBroadcastConfig,diffusers,added,added,added,added,added,modified
diffusers.hooks.pyramid_attention_broadcast.PyramidAttentionBroadcastState,diffusers,added,added,added,added,added,
diffusers.hooks.pyramid_attention_broadcast.apply_pyramid_attention_broadcast,diffusers,added,added,added,added,added,
diffusers.hooks.taylorseer_cache.apply_taylorseer_cache,diffusers,added,added,added,added,added,added
diffusers.hooks.text_kv_cache.TextKVCacheState,diffusers,added,added,added,added,added,added
diffusers.image_processor.VaeImageProcessor,diffusers,modified,modified,modified,modified,modified,modified
diffusers.image_processor.is_valid_image_imagelist,diffusers,added,,,,,
diffusers.loaders.lora_base.enable_lora_for_text_encoder,diffusers,added,,,,,
diffusers.loaders.lora_pipeline.SD3LoraLoaderMixin,diffusers,added,,,,,
diffusers.loaders.peft.PeftAdapterMixin,diffusers,added,,,,,
diffusers.loaders.single_file_utils.convert_ldm_unet_checkpoint,diffusers,added,,,,,
diffusers.models.activations.FP32SiLU,diffusers,added,,,,,
diffusers.models.activations.GEGLU,diffusers,modified,,,,,
diffusers.models.activations.GELU,diffusers,modified,,,,,
diffusers.models.attention.BasicTransformerBlock,diffusers,modified,,,,,
diffusers.models.attention.FeedForward,diffusers,modified,,,,,
diffusers.models.attention.FreeNoiseTransformerBlock,diffusers,added,,,,,
diffusers.models.attention.LuminaFeedForward,diffusers,added,,,,,
diffusers.models.attention_dispatch.SeqAllToAllDim,diffusers,added,added,added,added,added,added
diffusers.models.attention_dispatch.all_to_all_single_any_qkv_async,diffusers,added,added,added,added,added,added
diffusers.models.attention_processor.IPAdapterAttnProcessor2_0,diffusers,modified,,,,,
diffusers.models.attention_processor.LoRAXFormersAttnProcessor,diffusers,modified,,,,,
diffusers.models.autoencoders.autoencoder_dc.AutoencoderDC,diffusers,added,added,added,added,modified,modified
diffusers.models.autoencoders.autoencoder_kl_allegro.AllegroTemporalConvLayer,diffusers,added,added,added,added,,
diffusers.models.autoencoders.autoencoder_kl_allegro.AutoencoderKLAllegro,diffusers,added,added,added,added,,
diffusers.models.autoencoders.autoencoder_kl_cogvideox.AutoencoderKLCogVideoX,diffusers,added,modified,modified,modified,,
diffusers.models.autoencoders.autoencoder_kl_cogvideox.CogVideoXCausalConv3d,diffusers,added,,,,,
diffusers.models.autoencoders.autoencoder_kl_cosmos.AutoencoderKLCosmos,diffusers,added,added,added,added,added,added
diffusers.models.autoencoders.autoencoder_kl_cosmos.CosmosCausalConv3d,diffusers,added,added,added,added,added,added
diffusers.models.autoencoders.autoencoder_kl_hunyuanimage.AutoencoderKLHunyuanImage,diffusers,added,added,added,added,added,added
diffusers.models.autoencoders.autoencoder_kl_hunyuanimage.HunyuanImageDownsample,diffusers,added,added,added,added,added,added
diffusers.models.autoencoders.autoencoder_kl_hunyuanimage_refiner.AutoencoderKLHunyuanImageRefiner,diffusers,added,added,added,added,added,added
diffusers.models.autoencoders.autoencoder_kl_ltx.AutoencoderKLLTXVideo,diffusers,added,added,added,added,modified,
diffusers.models.autoencoders.autoencoder_kl_ltx2.AutoencoderKLLTX2Video,diffusers,added,added,added,added,added,added
diffusers.models.autoencoders.autoencoder_kl_ltx2.LTX2VideoEncoder3d,diffusers,added,added,added,added,added,added
diffusers.models.autoencoders.autoencoder_kl_ltx2_audio.AutoencoderKLLTX2Audio,diffusers,added,added,added,added,added,added
diffusers.models.autoencoders.autoencoder_kl_ltx2_audio.LTX2AudioAudioPatchifier,diffusers,added,added,added,added,added,added
diffusers.models.autoencoders.autoencoder_kl_magvit.EasyAnimateCausalConv3d,diffusers,added,added,added,added,added,
diffusers.models.autoencoders.autoencoder_kl_mochi.MochiChunkedGroupNorm3D,diffusers,added,added,added,added,,
diffusers.models.autoencoders.autoencoder_kl_qwenimage.QwenImageUpsample,diffusers,added,added,added,added,added,added
diffusers.models.autoencoders.autoencoder_kl_wan.WanResample,diffusers,added,added,added,added,added,modified
diffusers.models.autoencoders.autoencoder_oobleck.AutoencoderOobleck,diffusers,added,,,,,
diffusers.models.autoencoders.autoencoder_oobleck.OobleckResidualUnit,diffusers,added,,,,,
diffusers.models.autoencoders.autoencoder_rae.AutoencoderRAE,diffusers,added,added,added,added,added,added
diffusers.models.autoencoders.autoencoder_tiny.AutoencoderTiny,diffusers,modified,,,,,
diffusers.models.autoencoders.autoencoder_vidtok.AutoencoderVidTok,diffusers,added,added,added,added,added,added
diffusers.models.autoencoders.autoencoder_vidtok.FSQRegularizer,diffusers,added,added,added,added,added,added
diffusers.models.autoencoders.consistency_decoder_vae.ConsistencyDecoderVAE,diffusers,modified,,,,,
diffusers.models.autoencoders.vae.DecoderTiny,diffusers,modified,,,,,
diffusers.models.autoencoders.vae.Encoder,diffusers,modified,,,,,
diffusers.models.cache_utils.CacheMixin,diffusers,added,added,added,added,added,
diffusers.models.controlnets.controlnet.ControlNetConditioningEmbedding,diffusers,,,,,modified,modified
diffusers.models.controlnets.controlnet.ControlNetOutput,diffusers,,,,,modified,modified
diffusers.models.controlnets.controlnet_sparsectrl.SparseControlNetModel,diffusers,added,,,,,
diffusers.models.controlnets.controlnet_union.ControlNetUnionModel,diffusers,added,added,added,added,,
diffusers.models.controlnets.controlnet_union.QuickGELU,diffusers,added,,,,,
diffusers.models.controlnets.controlnet_xs.ControlNetXSAdapter,diffusers,added,,,,,
diffusers.models.controlnets.controlnet_xs.DownBlockControlNetXSAdapter,diffusers,added,,,,,
diffusers.models.downsampling.Downsample2D,diffusers,modified,,,,,
diffusers.models.embeddings.IPAdapterFaceIDPlusImageProjection,diffusers,added,,,,,
diffusers.models.embeddings.IPAdapterTimeImageProjection,diffusers,added,added,added,added,,
diffusers.models.embeddings.LuminaPatchEmbed,diffusers,added,,,,,
diffusers.models.embeddings.PatchEmbed,diffusers,modified,,,,,
diffusers.models.embeddings.PixArtAlphaCombinedTimestepSizeEmbeddings,diffusers,added,,,,,
diffusers.models.embeddings.get_1d_rotary_pos_embed,diffusers,added,,,modified,,
diffusers.models.embeddings.get_1d_sincos_pos_embed_from_grid,diffusers,modified,modified,modified,modified,modified,modified
diffusers.models.embeddings.get_2d_rotary_pos_embed_from_grid,diffusers,added,,,,,
diffusers.models.embeddings.get_2d_sincos_pos_embed_from_grid,diffusers,modified,modified,modified,modified,,
diffusers.models.embeddings.get_2d_sincos_pos_embed_np,diffusers,added,added,added,added,,
diffusers.models.embeddings.get_3d_rotary_pos_embed,diffusers,added,modified,modified,modified,,
diffusers.models.embeddings.get_fourier_embeds_from_boundingbox,diffusers,added,,,,,
diffusers.models.model_loading_utils.check_support_param_buffer_assignment,diffusers,added,added,added,added,added,
diffusers.models.model_loading_utils.load_gguf_checkpoint,diffusers,added,added,added,added,,
diffusers.models.model_loading_utils.load_model_dict_into_meta,diffusers,added,modified,modified,modified,modified,
diffusers.models.model_loading_utils.load_state_dict,diffusers,modified,modified,modified,modified,modified,
diffusers.models.modeling_utils.ContextManagers,diffusers,added,added,added,added,added,
diffusers.models.normalization.AdaLayerNorm,diffusers,modified,,,,,
diffusers.models.normalization.RMSNorm,diffusers,added,modified,modified,modified,,
diffusers.models.normalization.SD35AdaLayerNormZeroX,diffusers,added,,,added,,
diffusers.models.resnet.ResnetBlockCondNorm2D,diffusers,added,,,,,
diffusers.models.transformers.ace_step_transformer.AceStepAttention,diffusers,added,added,added,added,added,added
diffusers.models.transformers.ace_step_transformer.AceStepTimestepEmbedding,diffusers,added,added,added,added,added,added
diffusers.models.transformers.cogvideox_transformer_3d.CogVideoXBlock,diffusers,added,,,,,
diffusers.models.transformers.consisid_transformer_3d.ConsisIDBlock,diffusers,added,added,added,added,added,
diffusers.models.transformers.consisid_transformer_3d.ConsisIDTransformer3DModel,diffusers,added,added,added,added,added,
diffusers.models.transformers.transformer_2d.Transformer2DModel,diffusers,modified,,,,,
diffusers.models.transformers.transformer_2d.Transformer2DModelOutput,diffusers,modified,,,,,
diffusers.models.transformers.transformer_chroma.ChromaAdaLayerNormContinuousPruned,diffusers,added,added,added,added,added,added
diffusers.models.transformers.transformer_cogview4.CogView4AdaLayerNormContinuous,diffusers,added,added,added,added,added,added
diffusers.models.transformers.transformer_flux2.Flux2KVCache,diffusers,added,added,added,added,added,added
diffusers.models.transformers.transformer_flux2.Flux2KVLayerCache,diffusers,added,added,added,added,added,added
diffusers.models.transformers.transformer_flux2.Flux2ParallelSelfAttention,diffusers,added,added,added,added,added,added
diffusers.models.transformers.transformer_flux2.Flux2SwiGLU,diffusers,added,added,added,added,added,added
diffusers.models.transformers.transformer_glm_image.GlmImageAdaLayerNormContinuous,diffusers,added,added,added,added,added,added
diffusers.models.transformers.transformer_glm_image.GlmImageLayerKVCache,diffusers,added,added,added,added,added,added
diffusers.models.transformers.transformer_hunyuan_video15.HunyuanVideo15TimeEmbedding,diffusers,added,added,added,added,added,added
diffusers.models.transformers.transformer_ltx2.LTX2AdaLayerNormSingle,diffusers,added,added,added,added,added,added
diffusers.models.transformers.transformer_ltx2.LTX2Attention,diffusers,added,added,added,added,added,added
diffusers.models.transformers.transformer_ltx2.LTX2AudioVideoRotaryPosEmbed,diffusers,added,added,added,added,added,added
diffusers.models.transformers.transformer_mochi.MochiRMSNormZero,diffusers,added,added,added,added,,
diffusers.models.transformers.transformer_mochi.MochiRoPE,diffusers,added,added,added,added,,
diffusers.models.transformers.transformer_nucleusmoe_image.NucleusMoELayer,diffusers,added,added,added,added,added,added
diffusers.models.transformers.transformer_nucleusmoe_image.SwiGLUExperts,diffusers,added,added,added,added,added,added
diffusers.models.transformers.transformer_prx.FinalLayer,diffusers,added,added,added,added,added,added
diffusers.models.transformers.transformer_prx.MLPEmbedder,diffusers,added,added,added,added,added,added
diffusers.models.transformers.transformer_prx.Modulation,diffusers,added,added,added,added,added,added
diffusers.models.transformers.transformer_prx.PRXEmbedND,diffusers,added,added,added,added,added,added
diffusers.models.transformers.transformer_prx.img2seq,diffusers,added,added,added,added,added,added
diffusers.models.transformers.transformer_qwenimage.apply_rotary_emb_qwen,diffusers,added,added,added,added,added,added
diffusers.models.transformers.transformer_qwenimage.compute_text_seq_len_from_mask,diffusers,added,added,added,added,added,added
diffusers.models.transformers.transformer_wan_animate.FusedLeakyReLU,diffusers,added,added,added,added,added,added
diffusers.models.unets.unet_1d.UNet1DModel,diffusers,modified,modified,modified,modified,modified,modified
diffusers.models.unets.unet_2d.UNet2DModel,diffusers,modified,modified,modified,modified,modified,
diffusers.models.unets.unet_3d_condition.UNet3DConditionModel,diffusers,modified,,,,,
diffusers.models.unets.unet_motion_model.UNetMotionModel,diffusers,modified,,,,,
diffusers.models.unets.unet_spatio_temporal_condition.UNetSpatioTemporalConditionModel,diffusers,modified,,,,,
diffusers.models.upsampling.CogVideoXUpsample3D,diffusers,added,,,,,
diffusers.models.vq_model.VQEncoderOutput,diffusers,modified,,,,,
diffusers.models.vq_model.VQModel,diffusers,modified,,,,,
diffusers.modular_pipelines.components_manager.AutoOffloadStrategy,diffusers,added,added,added,added,added,added
diffusers.modular_pipelines.components_manager.ComponentsManager,diffusers,added,added,added,added,added,added
diffusers.modular_pipelines.components_manager.CustomOffloadHook,diffusers,added,added,added,added,added,added
diffusers.modular_pipelines.components_manager.summarize_dict_by_value_and_parts,diffusers,added,added,added,added,added,added
diffusers.modular_pipelines.ernie_image.modular_pipeline.ErnieImagePachifier,diffusers,added,added,added,added,added,added
diffusers.modular_pipelines.flux2.before_denoise.compute_empirical_mu,diffusers,added,added,added,added,added,added
diffusers.modular_pipelines.flux2.encoders.format_text_input,diffusers,added,added,added,added,added,added
diffusers.modular_pipelines.helios.before_denoise.calculate_dimension_from_latents,diffusers,added,added,added,added,added,added
diffusers.modular_pipelines.helios.denoise.HeliosChunkLoopWrapper,diffusers,added,added,added,added,added,added
diffusers.modular_pipelines.helios.denoise.HeliosPyramidChunkDenoiseInner,diffusers,added,added,added,added,added,added
diffusers.modular_pipelines.helios.denoise.sample_block_noise,diffusers,added,added,added,added,added,added
diffusers.modular_pipelines.helios.encoders.get_t5_prompt_embeds,diffusers,added,added,added,added,added,added
diffusers.modular_pipelines.helios.modular_blocks_helios_pyramid_distilled.HeliosPyramidDistilledAutoBlocks,diffusers,added,added,added,added,added,added
diffusers.modular_pipelines.helios.modular_blocks_helios_pyramid_distilled.HeliosPyramidDistilledAutoCoreDenoiseStep,diffusers,added,added,added,added,added,added
diffusers.modular_pipelines.ltx.modular_pipeline.LTXVideoPachifier,diffusers,added,added,added,added,added,added
diffusers.modular_pipelines.mellon_node_utils.MellonParam,diffusers,added,added,added,added,added,added
diffusers.modular_pipelines.mellon_node_utils.MellonParamMeta,diffusers,added,added,added,added,added,added
diffusers.modular_pipelines.mellon_node_utils.input_param_to_mellon_param,diffusers,added,added,added,added,added,added
diffusers.modular_pipelines.mellon_node_utils.mark_required,diffusers,added,added,added,added,added,added
diffusers.modular_pipelines.mellon_node_utils.node_spec_to_mellon_dict,diffusers,added,added,added,added,added,added
diffusers.modular_pipelines.modular_pipeline.PipelineState,diffusers,added,added,added,added,added,added
diffusers.modular_pipelines.modular_pipeline_utils.ComponentSpec,diffusers,added,added,added,added,added,added
diffusers.modular_pipelines.modular_pipeline_utils.ConfigSpec,diffusers,added,added,added,added,added,added
diffusers.modular_pipelines.modular_pipeline_utils.combine_outputs,diffusers,added,added,added,added,added,added
diffusers.modular_pipelines.modular_pipeline_utils.format_configs,diffusers,added,added,added,added,added,added
diffusers.modular_pipelines.modular_pipeline_utils.format_inputs_short,diffusers,added,added,added,added,added,added
diffusers.modular_pipelines.modular_pipeline_utils.format_intermediates_short,diffusers,added,added,added,added,added,added
diffusers.modular_pipelines.modular_pipeline_utils.format_params_markdown,diffusers,added,added,added,added,added,added
diffusers.modular_pipelines.modular_pipeline_utils.format_workflow,diffusers,added,added,added,added,added,added
diffusers.modular_pipelines.modular_pipeline_utils.make_doc_string,diffusers,added,added,added,added,added,added
diffusers.modular_pipelines.qwenimage.inputs.QwenImageAdditionalInputsStep,diffusers,added,added,added,added,added,added
diffusers.modular_pipelines.qwenimage.inputs.repeat_tensor_to_batch_size,diffusers,added,added,added,added,added,added
diffusers.modular_pipelines.qwenimage.modular_blocks_qwenimage.QwenImageAutoBlocks,diffusers,added,added,added,added,added,added
diffusers.modular_pipelines.qwenimage.modular_pipeline.QwenImageLayeredPachifier,diffusers,added,added,added,added,added,added
diffusers.modular_pipelines.stable_diffusion_xl.modular_blocks_stable_diffusion_xl.StableDiffusionXLAutoBlocks,diffusers,added,added,added,added,added,added
diffusers.pipelines.ace_step.modeling_ace_step.AceStepAttentionPooler,diffusers,added,added,added,added,added,added
diffusers.pipelines.ace_step.modeling_ace_step.AceStepAudioTokenizer,diffusers,added,added,added,added,added,added
diffusers.pipelines.audioldm2.modeling_audioldm2.AudioLDM2ProjectionModel,diffusers,modified,,,,,
diffusers.pipelines.audioldm2.pipeline_audioldm2.AudioLDM2Pipeline,diffusers,added,,,,,
diffusers.pipelines.bria_fibo.pipeline_bria_fibo_edit.is_valid_edit_json,diffusers,added,added,added,added,added,added
diffusers.pipelines.bria_fibo.pipeline_bria_fibo_edit.paste_mask_on_image,diffusers,added,added,added,added,added,added
diffusers.pipelines.consisid.pipeline_consisid.draw_kps,diffusers,added,added,added,added,added,
diffusers.pipelines.consisid.pipeline_consisid.get_resize_crop_region_for_grid,diffusers,added,,,,,
diffusers.pipelines.deprecated.alt_diffusion.modeling_roberta_series.TransformationModelOutput,diffusers,added,,,,,
diffusers.pipelines.deprecated.blip_diffusion.blip_image_processing.BlipImageProcessor,diffusers,added,,,,,
diffusers.pipelines.deprecated.blip_diffusion.modeling_blip2.Blip2TextEmbeddings,diffusers,added,,,,,
diffusers.pipelines.deprecated.paint_by_example.pipeline_paint_by_example.prepare_mask_and_masked_image,diffusers,added,,,,,
diffusers.pipelines.deprecated.stable_diffusion_attend_and_excite.pipeline_stable_diffusion_attend_and_excite.GaussianSmoothing,diffusers,added,,,,,
diffusers.pipelines.deprecated.stable_diffusion_variants.pipeline_onnx_stable_diffusion_inpaint_legacy.OnnxStableDiffusionInpaintPipelineLegacy,diffusers,added,,,,,
diffusers.pipelines.deprecated.stable_diffusion_variants.pipeline_stable_diffusion_pix2pix_zero.prepare_unet,diffusers,added,,,,,
diffusers.pipelines.deprecated.text_to_video_synthesis.pipeline_text_to_video_zero.create_motion_field_and_warp_latents,diffusers,added,,,,,
diffusers.pipelines.deprecated.text_to_video_synthesis.pipeline_text_to_video_zero_sdxl.create_motion_field,diffusers,added,,,,,
diffusers.pipelines.deprecated.unidiffuser.modeling_text_decoder.UniDiffuserTextDecoder,diffusers,added,,,,,
diffusers.pipelines.deprecated.vq_diffusion.pipeline_vq_diffusion.LearnedClassifierFreeSamplingEmbeddings,diffusers,added,,,,,
diffusers.pipelines.easyanimate.pipeline_easyanimate_control.preprocess_image,diffusers,added,added,added,added,added,
diffusers.pipelines.easyanimate.pipeline_easyanimate_inpaint.get_image_to_video_latent,diffusers,added,added,added,added,added,
diffusers.pipelines.flux2.image_processor.Flux2ImageProcessor,diffusers,added,added,added,added,added,added
diffusers.pipelines.flux2.pipeline_flux2.format_input,diffusers,added,added,added,added,added,added
diffusers.pipelines.free_noise_utils.SplitInferenceModule,diffusers,added,,,added,,
diffusers.pipelines.hunyuan_image.pipeline_hunyuanimage.extract_glyph_text,diffusers,added,added,added,added,added,added
diffusers.pipelines.hunyuan_video1_5.image_processor.get_closest_ratio,diffusers,added,added,added,added,added,added
diffusers.pipelines.hunyuan_video1_5.pipeline_hunyuan_video1_5_image2video.extract_glyph_texts,diffusers,added,added,added,added,added,added
diffusers.pipelines.hunyuan_video1_5.pipeline_hunyuan_video1_5_image2video.format_text_input,diffusers,added,added,added,added,added,added
diffusers.pipelines.kandinsky3.convert_kandinsky3_unet.convert_state_dict,diffusers,added,,,,,
diffusers.pipelines.kolors.text_encoder.MLP,diffusers,added,,,,,
diffusers.pipelines.kolors.text_encoder.split_tensor_along_last_dim,diffusers,added,,,,,
diffusers.pipelines.kolors.tokenizer.ChatGLMTokenizer,diffusers,added,added,added,added,added,added
diffusers.pipelines.ledits_pp.pipeline_leditspp_stable_diffusion.LEditsPPPipelineStableDiffusion,diffusers,added,,,,,
diffusers.pipelines.ledits_pp.pipeline_leditspp_stable_diffusion_xl.LEditsPPPipelineStableDiffusionXL,diffusers,added,,,,,
diffusers.pipelines.longcat_image.pipeline_longcat_image_edit.split_quotation,diffusers,added,added,added,added,added,added
diffusers.pipelines.ltx.pipeline_ltx_condition.LTXVideoCondition,diffusers,added,added,added,added,added,
diffusers.pipelines.ltx.pipeline_ltx_i2v_long_multi_prompt.adain_normalize_latents,diffusers,added,added,added,added,added,added
diffusers.pipelines.ltx.pipeline_ltx_i2v_long_multi_prompt.batch_normalize,diffusers,added,added,added,added,added,added
diffusers.pipelines.ltx.pipeline_ltx_i2v_long_multi_prompt.build_video_coords_for_window,diffusers,added,added,added,added,added,added
diffusers.pipelines.ltx.pipeline_ltx_i2v_long_multi_prompt.get_latent_coords,diffusers,added,added,added,added,added,added
diffusers.pipelines.ltx.pipeline_ltx_i2v_long_multi_prompt.inject_prev_tail_latents,diffusers,added,added,added,added,added,added
diffusers.pipelines.ltx.pipeline_ltx_i2v_long_multi_prompt.linear_overlap_fuse,diffusers,added,added,added,added,added,added
diffusers.pipelines.ltx.pipeline_ltx_i2v_long_multi_prompt.parse_prompt_segments,diffusers,added,added,added,added,added,added
diffusers.pipelines.ltx.pipeline_ltx_i2v_long_multi_prompt.split_into_temporal_windows,diffusers,added,added,added,added,added,added
diffusers.pipelines.ltx2.connectors.LTX2ConnectorTransformer1d,diffusers,added,added,added,added,added,added
diffusers.pipelines.ltx2.connectors.LTX2RotaryPosEmbed1d,diffusers,added,added,added,added,added,added
diffusers.pipelines.ltx2.connectors.per_layer_masked_mean_norm,diffusers,added,added,added,added,added,added
diffusers.pipelines.ltx2.latent_upsampler.BlurDownsample,diffusers,added,added,added,added,added,added
diffusers.pipelines.ltx2.vocoder.AntiAliasAct1d,diffusers,added,added,added,added,added,added
diffusers.pipelines.ltx2.vocoder.CausalSTFT,diffusers,added,added,added,added,added,added
diffusers.pipelines.ltx2.vocoder.LTX2Vocoder,diffusers,added,added,added,added,added,added
diffusers.pipelines.ltx2.vocoder.LTX2VocoderWithBWE,diffusers,added,added,added,added,added,added
diffusers.pipelines.ltx2.vocoder.MelSTFT,diffusers,added,added,added,added,added,added
diffusers.pipelines.ltx2.vocoder.SnakeBeta,diffusers,added,added,added,added,added,added
diffusers.pipelines.ltx2.vocoder.kaiser_sinc_filter1d,diffusers,added,added,added,added,added,added
diffusers.pipelines.marigold.pipeline_marigold_intrinsics.MarigoldIntrinsicsOutput,diffusers,added,added,added,added,added,
diffusers.pipelines.omnigen.processor_omnigen.crop_image,diffusers,added,added,added,added,added,added
diffusers.pipelines.pag.pipeline_pag_controlnet_sd_inpaint.StableDiffusionControlNetPAGInpaintPipeline,diffusers,added,,,added,,
diffusers.pipelines.pipeline_loading_utils.filter_model_files,diffusers,added,added,added,added,added,
diffusers.pipelines.pipeline_loading_utils.get_class_obj_and_candidates,diffusers,modified,modified,modified,modified,modified,modified
diffusers.pipelines.pipeline_loading_utils.is_safetensors_compatible,diffusers,added,modified,modified,modified,modified,modified
diffusers.pipelines.pipeline_loading_utils.load_sub_model,diffusers,modified,modified,modified,modified,modified,modified
diffusers.pipelines.prx.pipeline_prx.TextPreprocessor,diffusers,added,added,added,added,added,added
diffusers.pipelines.stable_audio.modeling_stable_audio.StableAudioNumberConditioner,diffusers,added,,,,,
diffusers.pipelines.stable_diffusion.convert_from_ckpt.assign_to_checkpoint,diffusers,added,,,,,
diffusers.pipelines.stable_diffusion.convert_from_ckpt.download_from_original_stable_diffusion_ckpt,diffusers,added,,,,,
diffusers.pipelines.stable_diffusion.convert_from_ckpt.renew_resnet_paths,diffusers,added,,,,,
diffusers.pipelines.stable_diffusion.convert_from_ckpt.renew_vae_attention_paths,diffusers,added,,,,,
diffusers.pipelines.stable_diffusion.convert_from_ckpt.shave_segments,diffusers,added,,,,,
diffusers.pipelines.stable_diffusion.convert_from_ckpt.stable_unclip_image_encoder,diffusers,added,,,,,
diffusers.pipelines.stable_diffusion.convert_from_ckpt.stable_unclip_image_noising_components,diffusers,added,,,,,
diffusers.pipelines.stable_diffusion_xl.pipeline_stable_diffusion_xl_instruct_pix2pix.StableDiffusionXLInstructPix2PixPipeline,diffusers,added,,,,,
diffusers.pipelines.stable_diffusion_xl.pipeline_stable_diffusion_xl_instruct_pix2pix.rescale_noise_cfg,diffusers,added,,,,,
diffusers.pipelines.wan.image_processor.WanAnimateImageProcessor,diffusers,added,added,added,added,added,added
diffusers.quantizers.bitsandbytes.bnb_quantizer.BnB4BitDiffusersQuantizer,diffusers,added,,,added,,
diffusers.quantizers.bitsandbytes.utils.dequantize_bnb_weight,diffusers,added,modified,modified,added,modified,
diffusers.quantizers.bitsandbytes.utils.replace_with_bnb_linear,diffusers,added,,,added,,
diffusers.quantizers.gguf.gguf_quantizer.GGUFQuantizer,diffusers,added,added,added,added,,
diffusers.quantizers.gguf.utils.GGUFLinear,diffusers,added,added,added,added,added,
diffusers.quantizers.gguf.utils.GGUFParameter,diffusers,added,added,added,added,added,
diffusers.quantizers.quantization_config.BitsAndBytesConfig,diffusers,added,,,added,,
diffusers.quantizers.torchao.torchao_quantizer.fuzzy_match_size,diffusers,added,added,added,added,added,added
diffusers.schedulers.scheduling_amused.gumbel_noise,diffusers,added,,,,,
diffusers.schedulers.scheduling_amused.mask_by_random_topk,diffusers,added,,,,,
diffusers.schedulers.scheduling_block_refinement.BlockRefinementSchedulerOutput,diffusers,added,added,added,added,added,added
diffusers.schedulers.scheduling_ddim_cogvideox.rescale_zero_terminal_snr,diffusers,added,,,,,
diffusers.schedulers.scheduling_ddpm.DDPMScheduler,diffusers,modified,,,,,
diffusers.schedulers.scheduling_ddpm_parallel.DDPMParallelScheduler,diffusers,modified,,,,,
diffusers.schedulers.scheduling_deis_multistep.DEISMultistepScheduler,diffusers,modified,modified,modified,modified,modified,modified
diffusers.schedulers.scheduling_dpmsolver_multistep.DPMSolverMultistepScheduler,diffusers,modified,modified,modified,modified,modified,modified
diffusers.schedulers.scheduling_dpmsolver_multistep_inverse.DPMSolverMultistepInverseScheduler,diffusers,modified,modified,modified,modified,,
diffusers.schedulers.scheduling_dpmsolver_singlestep.DPMSolverSinglestepScheduler,diffusers,modified,modified,modified,modified,modified,modified
diffusers.schedulers.scheduling_edm_dpmsolver_multistep.EDMDPMSolverMultistepScheduler,diffusers,added,,,,,
diffusers.schedulers.scheduling_euler_discrete.EulerDiscreteScheduler,diffusers,modified,,,modified,,
diffusers.schedulers.scheduling_heun_discrete.HeunDiscreteScheduler,diffusers,modified,,,modified,,
diffusers.schedulers.scheduling_k_dpm_2_ancestral_discrete.KDPM2AncestralDiscreteScheduler,diffusers,modified,,,modified,,
diffusers.schedulers.scheduling_sasolver.SASolverScheduler,diffusers,added,modified,modified,modified,,
diffusers.schedulers.scheduling_tcd.TCDScheduler,diffusers,added,,,,,
diffusers.schedulers.scheduling_unipc_multistep.UniPCMultistepScheduler,diffusers,modified,modified,modified,modified,modified,modified
diffusers.training_utils.EMAModel,diffusers,modified,,,,,
diffusers.training_utils.cast_training_params,diffusers,added,,,,,
diffusers.training_utils.compute_confidence_aware_loss,diffusers,added,added,added,added,added,added
diffusers.training_utils.compute_density_for_timestep_sampling,diffusers,added,modified,modified,modified,modified,
diffusers.training_utils.compute_dream_and_update_latents,diffusers,added,,,,,
diffusers.training_utils.compute_loss_weighting_for_sd3,diffusers,added,,,,,
diffusers.training_utils.find_nearest_bucket,diffusers,added,added,added,added,added,added
diffusers.training_utils.free_memory,diffusers,added,,,added,,
diffusers.training_utils.get_fsdp_kwargs_from_accelerator,diffusers,added,added,added,added,added,added
diffusers.training_utils.parse_buckets_string,diffusers,added,added,added,added,added,added
diffusers.training_utils.resolve_interpolation_mode,diffusers,added,,,,,
diffusers.training_utils.wrap_with_fsdp,diffusers,added,added,added,added,added,added
diffusers.utils.dynamic_modules_utils.get_class_in_module,diffusers,modified,modified,modified,modified,modified,modified
diffusers.utils.export_utils.export_to_video,diffusers,modified,modified,modified,modified,modified,
diffusers.utils.hub_utils.load_or_create_model_card,diffusers,added,modified,modified,modified,modified,modified
diffusers.utils.hub_utils.populate_model_card,diffusers,added,,,,,
diffusers.utils.loading_utils.load_image,diffusers,modified,,,,,
diffusers.utils.peft_utils.apply_lora_scale,diffusers,added,added,added,added,added,added
diffusers.utils.remote_utils.remote_encode,diffusers,added,added,added,added,added,
diffusers.utils.state_dict_utils.convert_all_state_dict_to_peft,diffusers,added,,,,,
diffusers.utils.state_dict_utils.convert_state_dict_to_kohya,diffusers,added,,,,,
diffusers.utils.torch_utils.enable_full_determinism,diffusers,added,added,added,added,added,added
diffusers.utils.torch_utils.unwrap_module,diffusers,added,added,added,added,added,added
django.contrib.admin.templatetags.log.get_admin_log,django,added,,,,,
django.contrib.admindocs.utils.split_explicit_title,django,added,added,added,added,added,
django.contrib.admindocs.views.user_has_model_view_permission,django,added,added,added,added,added,
django.contrib.auth.decorators.login_not_required,django,added,,,,,
django.contrib.auth.hashers.verify_password,django,added,,,,,
django.contrib.messages.storage.cookie.MessageDecoder,django,added,,,,,
django.contrib.messages.storage.cookie.MessageEncoder,django,added,,,,,
django.contrib.messages.storage.cookie.bisect_keep_left,django,added,,,,,
django.contrib.messages.storage.cookie.bisect_keep_right,django,added,,,,,
django.contrib.messages.storage.fallback.FallbackStorage,django,added,,,,,
django.contrib.messages.storage.session.SessionStorage,django,added,,,,,
django.contrib.staticfiles.checks.check_storages,django,added,,,,,
django.contrib.staticfiles.finders.find,django,modified,modified,modified,modified,modified,
django.contrib.staticfiles.management.commands.findstatic.Command,django,modified,modified,modified,modified,modified,
django.core.cache.backends.filebased.safe_makedirs,django,added,added,added,added,added,added
django.core.files.storage.memory.InMemoryFileNode,django,modified,modified,modified,modified,modified,
django.core.handlers.asgi.get_script_prefix,django,added,,,,,
django.core.mail.message.EmailAttachment,django,added,added,added,added,added,
django.core.management.commands.shell.import_dotted_path,django,added,added,added,added,added,
django.core.management.utils.run_formatters,django,modified,modified,modified,modified,modified,
django.core.serializers.json.PythonDeserializer,django,added,added,added,added,added,
django.core.serializers.python.Deserializer,django,added,added,added,added,added,
django.core.serializers.xml_serializer.getInnerTextList,django,added,added,added,added,added,added
django.db.backends.postgresql.compiler.InsertUnnest,django,added,added,added,added,added,
django.db.migrations.autodetector.OperationDependency,django,added,,,,,
django.db.models.enums.ChoicesType,django,added,,,,,
django.db.models.expressions.DatabaseDefault,django,added,,,,,
django.db.models.expressions.ExpressionList,django,modified,,,modified,,
django.db.models.expressions.OutputFieldIsNoneError,django,added,added,added,added,added,
django.db.models.expressions.Sliced,django,added,,,,,
django.db.models.expressions.result,django,modified,,,,,
django.db.models.fields.DurationField,django,modified,,,,,
django.db.models.functions.datetime.TruncWeek,django,modified,,,,,
django.db.models.query_utils.select_related_descend,django,modified,,,,,
django.forms.fields.NullBooleanField,django,modified,modified,modified,modified,modified,
django.forms.formsets.ManagementForm,django,modified,modified,modified,modified,modified,
django.forms.models.fields_for_model,django,modified,,,,,
django.forms.utils.ErrorList,django,modified,modified,modified,modified,modified,
django.shortcuts.redirect,django,modified,modified,modified,modified,modified,
django.template.defaultfilters.escapeseq,django,added,,,,,
django.template.defaulttags.querystring,django,added,,,,,
django.template.loader_tags.construct_relative_path,django,modified,modified,modified,modified,modified,
django.utils.choices.BaseChoiceIterator,django,added,,,,,
django.utils.choices.BlankChoiceIterator,django,added,,,,,
django.utils.choices.CallableChoiceIterator,django,added,,,,,
django.utils.choices.flatten_choices,django,added,,,,,
django.utils.choices.normalize_choices,django,added,,,,,
django.utils.functional.cached_property,django,modified,,,,,
django.utils.inspect.signature,django,added,added,added,added,added,added
django.utils.ipv6.is_valid_ipv6_address,django,modified,modified,modified,modified,modified,
django.utils.timezone.make_aware,django,modified,,,,,
django.views.generic.edit.BaseDeleteView,django,modified,,,,,
django.views.generic.edit.DeleteView,django,modified,,,,,
fastapi.applications.FastAPI,fastapi,modified,modified,modified,modified,modified,modified
fastapi.dependencies.models.Dependant,fastapi,modified,modified,modified,modified,modified,modified
fastapi.dependencies.utils.ParamDetails,fastapi,added,,,added,,
fastapi.dependencies.utils.SolvedDependency,fastapi,added,,,added,,
fastapi.dependencies.utils.get_body_field,fastapi,modified,,,modified,,
fastapi.dependencies.utils.is_union_of_base_models,fastapi,added,added,added,added,added,added
fastapi.exceptions.DependencyScopeError,fastapi,added,added,added,added,added,added
fastapi.exceptions.FastAPIDeprecationWarning,fastapi,added,added,added,added,added,added
fastapi.exceptions.PydanticV1NotSupportedError,fastapi,added,added,added,added,added,added
fastapi.openapi.docs.get_redoc_html,fastapi,modified,modified,modified,modified,modified,modified
fastapi.openapi.docs.get_swagger_ui_html,fastapi,modified,,,,,
fastapi.param_functions.Depends,fastapi,modified,modified,modified,modified,modified,modified
fastapi.param_functions.Path,fastapi,modified,modified,modified,modified,modified,modified
fastapi.params.Depends,fastapi,modified,modified,modified,modified,modified,modified
fastapi.params.Security,fastapi,modified,modified,modified,modified,modified,modified
fastapi.routing.APIRouter,fastapi,modified,modified,modified,modified,modified,modified
fastapi.security.oauth2.OAuth2PasswordBearer,fastapi,modified,modified,modified,modified,modified,modified
fastapi.sse.EventSourceResponse,fastapi,added,added,added,added,added,added
fastapi.sse.ServerSentEvent,fastapi,added,added,added,added,added,added
fastapi.sse.format_sse_event,fastapi,added,added,added,added,added,added
fastmcp.apps.app.FastMCPApp,fastmcp,added,added,added,added,added,added
fastmcp.apps.approval.Approval,fastmcp,added,added,added,added,added,added
fastmcp.apps.choice.Choice,fastmcp,added,added,added,added,added,added
fastmcp.apps.config.AppConfig,fastmcp,added,added,added,added,added,added
fastmcp.apps.config.ResourcePermissions,fastmcp,added,added,added,added,added,added
fastmcp.apps.config.app_config_to_meta_dict,fastmcp,added,added,added,added,added,added
fastmcp.apps.file_upload.FileUpload,fastmcp,added,added,added,added,added,added
fastmcp.apps.form.FormInput,fastmcp,added,added,added,added,added,added
fastmcp.apps.generative.GenerativeUI,fastmcp,added,added,added,added,added,added
fastmcp.cli.apps_dev.run_dev_apps,fastmcp,added,added,added,added,added,added
fastmcp.cli.cimd.create_command,fastmcp,added,added,added,added,added,added
fastmcp.cli.cli.check_for_newer_version,fastmcp,added,added,added,added,added,added
fastmcp.cli.cli.inspect,fastmcp,added,added,added,added,added,added
fastmcp.cli.cli.prepare,fastmcp,added,added,added,added,added,added
fastmcp.cli.cli.run,fastmcp,added,added,added,added,modified,modified
fastmcp.cli.cli.version,fastmcp,added,added,added,added,,modified
fastmcp.cli.client.call_command,fastmcp,added,added,added,added,added,added
fastmcp.cli.client.coerce_value,fastmcp,added,added,added,added,added,added
fastmcp.cli.client.discover_command,fastmcp,added,added,added,added,added,added
fastmcp.cli.client.format_tool_signature,fastmcp,added,added,added,added,added,added
fastmcp.cli.client.list_command,fastmcp,added,added,added,added,added,added
fastmcp.cli.client.parse_tool_arguments,fastmcp,added,added,added,added,added,added
fastmcp.cli.client.resolve_server_spec,fastmcp,added,added,added,added,added,added
fastmcp.cli.discovery.DiscoveredServer,fastmcp,added,added,added,added,added,added
fastmcp.cli.discovery.discover_servers,fastmcp,added,added,added,added,added,added
fastmcp.cli.discovery.resolve_name,fastmcp,added,added,added,added,added,added
fastmcp.cli.generate.generate_cli_script,fastmcp,added,added,added,added,added,added
fastmcp.cli.generate.generate_skill_content,fastmcp,added,added,added,added,added,added
fastmcp.cli.generate.serialize_transport,fastmcp,added,added,added,added,added,added
fastmcp.cli.install.claude_code.find_claude_command,fastmcp,added,added,added,added,added,added
fastmcp.cli.install.claude_desktop.get_claude_config_path,fastmcp,added,added,added,added,added,added
fastmcp.cli.install.claude_desktop.install_claude_desktop,fastmcp,added,added,added,added,added,added
fastmcp.cli.install.cursor.generate_cursor_deeplink,fastmcp,added,added,added,added,added,added
fastmcp.cli.install.cursor.install_cursor_workspace,fastmcp,added,added,added,added,added,added
fastmcp.cli.install.cursor.open_deeplink,fastmcp,added,added,added,added,added,added
fastmcp.cli.install.gemini_cli.install_gemini_cli,fastmcp,added,added,added,added,added,added
fastmcp.cli.install.goose.generate_goose_deeplink,fastmcp,added,added,added,added,added,added
fastmcp.cli.install.mcp_json.install_mcp_json,fastmcp,added,added,added,added,added,added
fastmcp.cli.install.shared.parse_env_var,fastmcp,added,added,added,added,added,added
fastmcp.cli.install.shared.process_common_args,fastmcp,added,added,added,added,added,added
fastmcp.cli.install.shared.validate_server_name,fastmcp,added,added,added,added,added,added
fastmcp.cli.install.stdio.stdio_command,fastmcp,added,added,added,added,added,added
fastmcp.cli.run.create_client_server,fastmcp,added,added,added,added,added,
fastmcp.cli.run.run_module_command,fastmcp,added,added,added,added,added,added
fastmcp.cli.run.run_v1_server_async,fastmcp,added,added,added,added,added,added
fastmcp.cli.run.run_with_reload,fastmcp,added,added,added,added,added,added
fastmcp.cli.tasks.check_distributed_backend,fastmcp,added,added,added,added,added,added
fastmcp.cli.tasks.worker,fastmcp,added,added,added,added,added,added
fastmcp.client.auth.bearer.BearerAuth,fastmcp,added,added,added,added,added,
fastmcp.client.auth.oauth.ClientNotFoundError,fastmcp,added,added,added,added,added,added
fastmcp.client.auth.oauth.OAuth,fastmcp,added,added,added,added,added,added
fastmcp.client.auth.oauth.TokenStorageAdapter,fastmcp,added,added,added,added,added,added
fastmcp.client.client.Client,fastmcp,added,added,added,added,added,modified
fastmcp.client.client.ClientSessionState,fastmcp,added,added,added,added,added,added
fastmcp.client.logging.default_log_handler,fastmcp,added,added,added,added,added,
fastmcp.client.oauth_callback.CallbackResponse,fastmcp,added,added,added,added,added,
fastmcp.client.oauth_callback.OAuthCallbackResult,fastmcp,added,added,added,added,added,added
fastmcp.client.oauth_callback.create_oauth_callback_server,fastmcp,added,added,added,added,added,modified
fastmcp.client.progress.default_progress_handler,fastmcp,added,added,added,added,added,
fastmcp.client.sampling.handlers.google_genai.GoogleGenaiSamplingHandler,fastmcp,added,added,added,added,added,added
fastmcp.client.tasks.PromptTask,fastmcp,added,added,added,added,added,added
fastmcp.client.tasks.ResourceTask,fastmcp,added,added,added,added,added,added
fastmcp.client.transports.config.MCPConfigTransport,fastmcp,added,added,added,added,added,modified
fastmcp.client.transports.inference.infer_transport,fastmcp,added,added,added,added,added,
fastmcp.client.transports.memory.FastMCPTransport,fastmcp,added,added,added,added,added,modified
fastmcp.client.transports.stdio.StdioTransport,fastmcp,added,added,added,added,added,modified
fastmcp.decorators.get_fastmcp_meta,fastmcp,added,added,added,added,added,added
fastmcp.decorators.resolve_task_config,fastmcp,added,added,added,added,added,added
fastmcp.exceptions.FastMCPDeprecationWarning,fastmcp,added,added,added,added,added,added
fastmcp.exceptions.ValidationError,fastmcp,added,added,added,added,,
fastmcp.experimental.transforms.code_mode.CodeMode,fastmcp,added,added,added,added,added,added
fastmcp.experimental.transforms.code_mode.GetSchemas,fastmcp,added,added,added,added,added,added
fastmcp.experimental.transforms.code_mode.GetTags,fastmcp,added,added,added,added,added,added
fastmcp.mcp_config.RemoteMCPServer,fastmcp,added,added,added,added,added,
fastmcp.mcp_config.infer_transport_type_from_url,fastmcp,added,added,added,added,added,
fastmcp.mcp_config.update_config_file,fastmcp,added,added,added,added,added,added
fastmcp.prompts.function_prompt.prompt,fastmcp,added,added,added,added,added,added
fastmcp.resources.function_resource.FunctionResource,fastmcp,added,added,added,added,,
fastmcp.resources.function_resource.resource,fastmcp,added,added,added,added,added,added
fastmcp.resources.template.build_regex,fastmcp,added,added,added,added,added,
fastmcp.resources.template.extract_query_params,fastmcp,added,added,added,added,added,added
fastmcp.server.auth.auth.AccessToken,fastmcp,added,added,added,added,added,
fastmcp.server.auth.auth.MultiAuth,fastmcp,added,added,added,added,added,added
fastmcp.server.auth.auth.TokenHandler,fastmcp,added,added,added,added,added,added
fastmcp.server.auth.authorization.AuthContext,fastmcp,added,added,added,added,added,added
fastmcp.server.auth.authorization.restrict_tag,fastmcp,added,added,added,added,added,added
fastmcp.server.auth.authorization.run_auth_checks,fastmcp,added,added,added,added,added,added
fastmcp.server.auth.cimd.CIMDAssertionValidator,fastmcp,added,added,added,added,added,added
fastmcp.server.auth.cimd.CIMDClientManager,fastmcp,added,added,added,added,added,added
fastmcp.server.auth.cimd.CIMDDocument,fastmcp,added,added,added,added,added,added
fastmcp.server.auth.cimd.CIMDFetcher,fastmcp,added,added,added,added,added,added
fastmcp.server.auth.cimd.CIMDValidationError,fastmcp,added,added,added,added,added,added
fastmcp.server.auth.handlers.authorize.create_unregistered_client_html,fastmcp,added,added,added,added,added,added
fastmcp.server.auth.jwt_issuer.derive_jwt_key,fastmcp,added,added,added,added,added,added
fastmcp.server.auth.oauth_proxy.consent.ConsentMixin,fastmcp,added,added,added,added,added,added
fastmcp.server.auth.oauth_proxy.models.ClientCode,fastmcp,added,added,added,added,added,added
fastmcp.server.auth.oauth_proxy.models.JTIMapping,fastmcp,added,added,added,added,added,added
fastmcp.server.auth.oauth_proxy.models.OAuthTransaction,fastmcp,added,added,added,added,added,added
fastmcp.server.auth.oauth_proxy.models.RefreshTokenMetadata,fastmcp,added,added,added,added,added,added
fastmcp.server.auth.oauth_proxy.models.UpstreamTokenSet,fastmcp,added,added,added,added,added,added
fastmcp.server.auth.oauth_proxy.proxy.OAuthProxy,fastmcp,added,added,added,added,added,added
fastmcp.server.auth.oauth_proxy.ui.create_consent_html,fastmcp,added,added,added,added,added,added
fastmcp.server.auth.oidc_proxy.OIDCConfiguration,fastmcp,added,added,added,added,added,added
fastmcp.server.auth.oidc_proxy.OIDCProxy,fastmcp,added,added,added,added,added,added
fastmcp.server.auth.providers.azure.AzureJWTVerifier,fastmcp,added,added,added,added,added,added
fastmcp.server.auth.providers.azure.AzureProvider,fastmcp,added,added,added,added,added,added
fastmcp.server.auth.providers.azure.EntraOBOToken,fastmcp,added,added,added,added,added,added
fastmcp.server.auth.providers.clerk.ClerkProvider,fastmcp,added,added,added,added,added,added
fastmcp.server.auth.providers.introspection.IntrospectionTokenVerifier,fastmcp,added,added,added,added,added,added
fastmcp.server.auth.providers.jwt.JWTVerifier,fastmcp,added,added,added,added,added,added
fastmcp.server.auth.providers.workos.WorkOSProvider,fastmcp,added,added,added,added,added,added
fastmcp.server.auth.redirect_validation.matches_allowed_pattern,fastmcp,added,added,added,added,added,added
fastmcp.server.auth.ssrf.format_ip_for_url,fastmcp,added,added,added,added,added,added
fastmcp.server.auth.ssrf.is_ip_allowed,fastmcp,added,added,added,added,added,added
fastmcp.server.auth.ssrf.resolve_hostname,fastmcp,added,added,added,added,added,added
fastmcp.server.auth.ssrf.ssrf_safe_fetch,fastmcp,added,added,added,added,added,added
fastmcp.server.auth.ssrf.ssrf_safe_fetch_response,fastmcp,added,added,added,added,added,added
fastmcp.server.auth.ssrf.validate_url,fastmcp,added,added,added,added,added,added
fastmcp.server.context.Context,fastmcp,added,added,added,added,,
fastmcp.server.context.LogData,fastmcp,added,added,added,added,added,added
fastmcp.server.context.set_transport,fastmcp,added,added,added,added,added,added
fastmcp.server.dependencies.CurrentAccessToken,fastmcp,added,added,added,added,added,added
fastmcp.server.dependencies.CurrentDocket,fastmcp,added,added,added,added,added,added
fastmcp.server.dependencies.CurrentFastMCP,fastmcp,added,added,added,added,added,added
fastmcp.server.dependencies.CurrentHeaders,fastmcp,added,added,added,added,added,added
fastmcp.server.dependencies.CurrentRequest,fastmcp,added,added,added,added,added,added
fastmcp.server.dependencies.InMemoryProgress,fastmcp,added,added,added,added,added,added
fastmcp.server.dependencies.OptionalCurrentContext,fastmcp,added,added,added,added,added,added
fastmcp.server.dependencies.TokenClaim,fastmcp,added,added,added,added,added,added
fastmcp.server.dependencies.get_access_token,fastmcp,added,added,added,added,added,
fastmcp.server.dependencies.get_http_headers,fastmcp,added,added,added,added,added,modified
fastmcp.server.dependencies.get_http_request,fastmcp,added,added,added,added,added,
fastmcp.server.dependencies.get_server,fastmcp,added,added,added,added,added,added
fastmcp.server.dependencies.is_docket_available,fastmcp,added,added,added,added,added,added
fastmcp.server.dependencies.transform_context_annotations,fastmcp,added,added,added,added,added,added
fastmcp.server.elicitation.AcceptedElicitation,fastmcp,added,added,added,added,added,added
fastmcp.server.elicitation.ElicitationJsonSchema,fastmcp,added,added,added,added,added,added
fastmcp.server.elicitation.get_elicitation_schema,fastmcp,added,added,added,added,added,added
fastmcp.server.elicitation.handle_elicit_accept,fastmcp,added,added,added,added,added,added
fastmcp.server.elicitation.parse_elicit_response_type,fastmcp,added,added,added,added,added,added
fastmcp.server.elicitation.validate_elicitation_json_schema,fastmcp,added,added,added,added,added,added
fastmcp.server.event_store.EventStore,fastmcp,added,added,added,added,added,added
fastmcp.server.http.StreamableHTTPASGIApp,fastmcp,added,added,added,added,added,added
fastmcp.server.http.create_base_app,fastmcp,added,added,added,added,added,
fastmcp.server.http.create_sse_app,fastmcp,added,added,added,added,added,
fastmcp.server.http.create_streamable_http_app,fastmcp,added,added,added,added,added,modified
fastmcp.server.lifespan.ComposedLifespan,fastmcp,added,added,added,added,added,added
fastmcp.server.lifespan.ContextManagerLifespan,fastmcp,added,added,added,added,added,added
fastmcp.server.lifespan.Lifespan,fastmcp,added,added,added,added,added,added
fastmcp.server.lifespan.lifespan,fastmcp,added,added,added,added,added,added
fastmcp.server.low_level.MiddlewareServerSession,fastmcp,added,added,added,added,added,added
fastmcp.server.middleware.caching.CachableMessage,fastmcp,added,added,added,added,added,added
fastmcp.server.middleware.caching.CachableResourceContent,fastmcp,added,added,added,added,added,added
fastmcp.server.middleware.caching.GetPromptSettings,fastmcp,added,added,added,added,added,added
fastmcp.server.middleware.caching.ResponseCachingMiddleware,fastmcp,added,added,added,added,added,added
fastmcp.server.middleware.error_handling.RetryMiddleware,fastmcp,added,added,added,added,added,added
fastmcp.server.middleware.logging.LoggingMiddleware,fastmcp,added,added,added,added,added,added
fastmcp.server.middleware.logging.default_serializer,fastmcp,added,added,added,added,added,added
fastmcp.server.middleware.middleware.make_middleware_wrapper,fastmcp,added,added,added,added,added,added
fastmcp.server.middleware.rate_limiting.SlidingWindowRateLimiter,fastmcp,added,added,added,added,added,added
fastmcp.server.middleware.rate_limiting.TokenBucketRateLimiter,fastmcp,added,added,added,added,added,added
fastmcp.server.middleware.tool_injection.read_resource,fastmcp,added,added,added,added,added,added
fastmcp.server.mixins.mcp_operations.MCPOperationsMixin,fastmcp,added,added,added,added,added,added
fastmcp.server.mixins.mcp_operations.dedupe_with_versions,fastmcp,added,added,added,added,added,added
fastmcp.server.providers.addressing.hash_tool,fastmcp,added,added,added,added,added,added
fastmcp.server.providers.addressing.parse_hashed_backend_name,fastmcp,added,added,added,added,added,added
fastmcp.server.providers.addressing.parse_hashed_resource_uri,fastmcp,added,added,added,added,added,added
fastmcp.server.providers.fastmcp_provider.FastMCPProviderPrompt,fastmcp,added,added,added,added,added,added
fastmcp.server.providers.fastmcp_provider.FastMCPProviderResourceTemplate,fastmcp,added,added,added,added,added,added
fastmcp.server.providers.fastmcp_provider.FastMCPProviderTool,fastmcp,added,added,added,added,added,added
fastmcp.server.providers.filesystem_discovery.discover_and_import,fastmcp,added,added,added,added,added,added
fastmcp.server.providers.filesystem_discovery.discover_files,fastmcp,added,added,added,added,added,added
fastmcp.server.providers.filesystem_discovery.extract_components,fastmcp,added,added,added,added,added,added
fastmcp.server.providers.filesystem_discovery.import_module_from_file,fastmcp,added,added,added,added,added,added
fastmcp.server.providers.local_provider.decorators.resources.ResourceDecoratorMixin,fastmcp,added,added,added,added,added,added
fastmcp.server.providers.openapi.components.OpenAPIResourceTemplate,fastmcp,added,added,added,added,added,modified
fastmcp.server.providers.openapi.routing.MCPType,fastmcp,added,added,added,added,added,
fastmcp.server.providers.prefab_synthesis.rewrite_tool_meta_for_wire,fastmcp,added,added,added,added,added,added
fastmcp.server.providers.prefab_synthesis.synthesize_prefab_resources,fastmcp,added,added,added,added,added,added
fastmcp.server.providers.proxy.ProxyPrompt,fastmcp,added,added,added,added,added,modified
fastmcp.server.providers.proxy.ProxyTemplate,fastmcp,added,added,added,added,added,modified
fastmcp.server.providers.proxy.StatefulProxyClient,fastmcp,added,added,added,added,added,added
fastmcp.server.providers.proxy.default_proxy_log_handler,fastmcp,added,added,added,added,added,added
fastmcp.server.providers.proxy.default_proxy_roots_handler,fastmcp,added,added,added,added,added,added
fastmcp.server.providers.skills.skill_provider.parse_frontmatter,fastmcp,added,added,added,added,added,added
fastmcp.server.sampling.run.SamplingResult,fastmcp,added,added,added,added,added,added
fastmcp.server.sampling.run.create_final_response_tool,fastmcp,added,added,added,added,added,added
fastmcp.server.sampling.run.determine_handler_mode,fastmcp,added,added,added,added,added,added
fastmcp.server.sampling.run.execute_tools,fastmcp,added,added,added,added,added,added
fastmcp.server.sampling.run.prepare_messages,fastmcp,added,added,added,added,added,added
fastmcp.server.sampling.run.prepare_tools,fastmcp,added,added,added,added,added,added
fastmcp.server.sampling.run.sample_impl,fastmcp,added,added,added,added,added,added
fastmcp.server.sampling.sampling_tool.SamplingTool,fastmcp,added,added,added,added,added,added
fastmcp.server.server.FastMCP,fastmcp,added,added,added,added,modified,modified
fastmcp.server.server.StateValue,fastmcp,added,added,added,added,added,added
fastmcp.server.server.create_proxy,fastmcp,added,added,added,added,added,added
fastmcp.server.server.version_sort_key,fastmcp,added,added,added,added,added,added
fastmcp.server.tasks.capabilities.get_task_capabilities,fastmcp,added,added,added,added,added,added
fastmcp.server.tasks.config.TaskConfig,fastmcp,added,added,added,added,added,added
fastmcp.server.tasks.config.TaskMeta,fastmcp,added,added,added,added,added,added
fastmcp.server.tasks.context.TaskContextSnapshot,fastmcp,added,added,added,added,added,added
fastmcp.server.tasks.context.get_task_context,fastmcp,added,added,added,added,added,added
fastmcp.server.tasks.context.get_task_scope,fastmcp,added,added,added,added,added,added
fastmcp.server.tasks.context.get_task_session,fastmcp,added,added,added,added,added,added
fastmcp.server.tasks.context.register_task_session,fastmcp,added,added,added,added,added,added
fastmcp.server.tasks.elicitation.elicit_for_task,fastmcp,added,added,added,added,added,added
fastmcp.server.tasks.elicitation.relay_elicitation,fastmcp,added,added,added,added,added,added
fastmcp.server.tasks.handlers.submit_to_docket,fastmcp,added,added,added,added,added,added
fastmcp.server.tasks.keys.build_task_key,fastmcp,added,added,added,added,added,added
fastmcp.server.tasks.keys.get_client_task_id_from_key,fastmcp,added,added,added,added,added,added
fastmcp.server.tasks.keys.parse_task_key,fastmcp,added,added,added,added,added,added
fastmcp.server.tasks.keys.task_redis_prefix,fastmcp,added,added,added,added,added,added
fastmcp.server.tasks.notifications.ensure_subscriber_running,fastmcp,added,added,added,added,added,added
fastmcp.server.tasks.notifications.get_subscriber_count,fastmcp,added,added,added,added,added,added
fastmcp.server.tasks.notifications.notification_subscriber_loop,fastmcp,added,added,added,added,added,added
fastmcp.server.tasks.notifications.push_notification,fastmcp,added,added,added,added,added,added
fastmcp.server.tasks.notifications.stop_subscriber,fastmcp,added,added,added,added,added,added
fastmcp.server.tasks.requests.tasks_cancel_handler,fastmcp,added,added,added,added,added,added
fastmcp.server.tasks.requests.tasks_list_handler,fastmcp,added,added,added,added,added,added
fastmcp.server.tasks.requests.tasks_result_handler,fastmcp,added,added,added,added,added,added
fastmcp.server.tasks.routing.check_background_task,fastmcp,added,added,added,added,added,added
fastmcp.server.tasks.subscriptions.subscribe_to_task_updates,fastmcp,added,added,added,added,added,added
fastmcp.server.telemetry.get_auth_span_attributes,fastmcp,added,added,added,added,added,added
fastmcp.server.transforms.GetPromptNext,fastmcp,added,added,added,added,added,added
fastmcp.server.transforms.GetResourceNext,fastmcp,added,added,added,added,added,added
fastmcp.server.transforms.VersionFilter,fastmcp,added,added,added,added,added,added
fastmcp.server.transforms.namespace.Namespace,fastmcp,added,added,added,added,added,added
fastmcp.server.transforms.prompts_as_tools.PromptsAsTools,fastmcp,added,added,added,added,added,added
fastmcp.server.transforms.resources_as_tools.ResourcesAsTools,fastmcp,added,added,added,added,added,added
fastmcp.server.transforms.search.bm25.BM25SearchTransform,fastmcp,added,added,added,added,added,added
fastmcp.server.transforms.search.regex.RegexSearchTransform,fastmcp,added,added,added,added,added,added
fastmcp.server.transforms.visibility.Visibility,fastmcp,added,added,added,added,added,added
fastmcp.server.transforms.visibility.disable_components,fastmcp,added,added,added,added,added,added
fastmcp.server.transforms.visibility.get_visibility_rules,fastmcp,added,added,added,added,added,added
fastmcp.server.transforms.visibility.is_enabled,fastmcp,added,added,added,added,added,added
fastmcp.server.transforms.visibility.save_visibility_rules,fastmcp,added,added,added,added,added,added
fastmcp.telemetry.get_tracer,fastmcp,added,added,added,added,added,added
fastmcp.telemetry.inject_trace_context,fastmcp,added,added,added,added,added,added
fastmcp.telemetry.record_span_error,fastmcp,added,added,added,added,added,added
fastmcp.tools.function_parsing.ParsedFunction,fastmcp,added,added,added,added,added,added
fastmcp.tools.function_tool.ToolMeta,fastmcp,added,added,added,added,added,added
fastmcp.tools.tool_transform.ArgTransform,fastmcp,added,added,added,added,added,added
fastmcp.tools.tool_transform.TransformedTool,fastmcp,added,added,added,added,added,added
fastmcp.tools.tool_transform.apply_transformations_to_tools,fastmcp,added,added,added,added,added,added
fastmcp.tools.tool_transform.forward,fastmcp,added,added,added,added,added,added
fastmcp.utilities.async_utils.call_sync_fn_in_threadpool,fastmcp,added,added,added,added,added,added
fastmcp.utilities.async_utils.gather,fastmcp,added,added,added,added,added,added
fastmcp.utilities.async_utils.is_coroutine_function,fastmcp,added,added,added,added,added,added
fastmcp.utilities.auth.decode_jwt_header,fastmcp,added,added,added,added,added,added
fastmcp.utilities.auth.parse_scopes,fastmcp,added,added,added,added,added,added
fastmcp.utilities.cli.is_already_in_uv_subprocess,fastmcp,added,added,added,added,added,added
fastmcp.utilities.cli.load_and_merge_config,fastmcp,added,added,added,added,added,added
fastmcp.utilities.cli.log_server_banner,fastmcp,added,added,added,added,added,added
fastmcp.utilities.components.FastMCPComponent,fastmcp,added,added,added,added,added,added
fastmcp.utilities.components.get_fastmcp_metadata,fastmcp,added,added,added,added,added,added
fastmcp.utilities.docstring_parsing.ParsedDocstring,fastmcp,added,added,added,added,added,added
fastmcp.utilities.http.find_available_port,fastmcp,added,added,added,added,added,
fastmcp.utilities.inspect.format_fastmcp_info,fastmcp,added,added,added,added,added,added
fastmcp.utilities.inspect.inspect_fastmcp,fastmcp,added,added,added,added,added,added
fastmcp.utilities.json_schema.compress_schema,fastmcp,added,added,added,added,added,modified
fastmcp.utilities.json_schema.resolve_root_ref,fastmcp,added,added,added,added,added,added
fastmcp.utilities.json_schema_type.json_schema_to_type,fastmcp,added,added,added,added,added,added
fastmcp.utilities.lifespan.combine_lifespans,fastmcp,added,added,added,added,added,added
fastmcp.utilities.logging.configure_logging,fastmcp,added,added,added,added,modified,modified
fastmcp.utilities.mcp_server_config.v1.environments.uv.UVEnvironment,fastmcp,added,added,added,added,added,added
fastmcp.utilities.mcp_server_config.v1.mcp_server_config.Deployment,fastmcp,added,added,added,added,added,added
fastmcp.utilities.mcp_server_config.v1.mcp_server_config.generate_schema,fastmcp,added,added,added,added,added,added
fastmcp.utilities.mime.resolve_ui_mime_type,fastmcp,added,added,added,added,added,added
fastmcp.utilities.openapi.director.RequestDirector,fastmcp,added,added,added,added,added,added
fastmcp.utilities.openapi.formatters.format_array_parameter,fastmcp,added,added,added,added,added,added
fastmcp.utilities.openapi.formatters.format_deep_object_parameter,fastmcp,added,added,added,added,added,added
fastmcp.utilities.openapi.formatters.format_description_with_responses,fastmcp,added,added,added,added,added,
fastmcp.utilities.openapi.formatters.format_json_for_description,fastmcp,added,added,added,added,added,
fastmcp.utilities.openapi.formatters.generate_example_from_schema,fastmcp,added,added,added,added,added,
fastmcp.utilities.openapi.json_schema_converter.convert_openapi_schema_to_json_schema,fastmcp,added,added,added,added,added,added
fastmcp.utilities.openapi.models.ParameterInfo,fastmcp,added,added,added,added,added,
fastmcp.utilities.openapi.parser.OpenAPIParser,fastmcp,added,added,added,added,added,modified
fastmcp.utilities.openapi.parser.parse_openapi_to_http_routes,fastmcp,added,added,added,added,added,
fastmcp.utilities.openapi.schemas.clean_schema_for_display,fastmcp,added,added,added,added,added,
fastmcp.utilities.openapi.schemas.extract_output_schema_from_responses,fastmcp,added,added,added,added,added,added
fastmcp.utilities.pagination.paginate_sequence,fastmcp,added,added,added,added,added,added
fastmcp.utilities.skills.SkillSummary,fastmcp,added,added,added,added,added,added
fastmcp.utilities.skills.download_skill,fastmcp,added,added,added,added,added,added
fastmcp.utilities.skills.get_skill_manifest,fastmcp,added,added,added,added,added,added
fastmcp.utilities.skills.list_skills,fastmcp,added,added,added,added,added,added
fastmcp.utilities.timeout.normalize_timeout_to_timedelta,fastmcp,added,added,added,added,added,added
fastmcp.utilities.token_cache.TokenCache,fastmcp,added,added,added,added,added,added
fastmcp.utilities.types.Audio,fastmcp,added,added,added,added,added,added
fastmcp.utilities.types.File,fastmcp,added,added,added,added,added,added
fastmcp.utilities.types.Image,fastmcp,added,added,added,added,modified,modified
fastmcp.utilities.types.create_function_without_params,fastmcp,added,added,added,added,added,added
fastmcp.utilities.types.find_kwarg_by_type,fastmcp,added,added,added,added,added,
fastmcp.utilities.types.is_class_member_of_type,fastmcp,added,added,added,added,added,
fastmcp.utilities.types.replace_type,fastmcp,added,added,added,added,added,added
fastmcp.utilities.ui.create_button_group,fastmcp,added,added,added,added,added,added
fastmcp.utilities.ui.create_detail_box,fastmcp,added,added,added,added,added,added
fastmcp.utilities.ui.create_logo,fastmcp,added,added,added,added,added,added
fastmcp.utilities.ui.create_page,fastmcp,added,added,added,added,added,added
fastmcp.utilities.ui.create_secure_html_response,fastmcp,added,added,added,added,added,added
fastmcp.utilities.ui.create_status_message,fastmcp,added,added,added,added,added,added
flask.cli.ScriptInfo,flask,modified,modified,modified,modified,,
flask.cli.load_dotenv,flask,modified,modified,modified,modified,,
httpx.AsyncClient,httpx,modified,modified,modified,modified,,
httpx.Client,httpx,modified,modified,modified,modified,,
httpx.delete,httpx,modified,modified,modified,modified,,
httpx.get,httpx,modified,modified,modified,modified,,
httpx.head,httpx,modified,modified,modified,modified,,
httpx.options,httpx,modified,modified,modified,modified,,
httpx.patch,httpx,modified,modified,modified,modified,,
httpx.post,httpx,modified,modified,modified,modified,,
httpx.put,httpx,modified,modified,modified,modified,,
httpx.request,httpx,modified,modified,modified,modified,,
langgraph.callbacks.GraphCallbackHandler,langgraph,added,added,added,added,added,added
langgraph.callbacks.GraphInterruptEvent,langgraph,added,added,added,added,added,added
langgraph.callbacks.GraphResumeEvent,langgraph,added,added,added,added,added,added
langgraph.callbacks.get_async_graph_callback_manager_for_config,langgraph,added,added,added,added,added,added
langgraph.callbacks.get_sync_graph_callback_manager_for_config,langgraph,added,added,added,added,added,added
langgraph.channels.any_value.AnyValue,langgraph,added,,,modified,,
langgraph.channels.binop.BinaryOperatorAggregate,langgraph,added,,,,,
langgraph.channels.ephemeral_value.EphemeralValue,langgraph,added,,,,,
langgraph.channels.last_value.LastValueAfterFinish,langgraph,added,added,added,added,added,
langgraph.channels.named_barrier_value.NamedBarrierValue,langgraph,added,,,,,
langgraph.channels.named_barrier_value.NamedBarrierValueAfterFinish,langgraph,added,added,added,added,added,
langgraph.channels.topic.Topic,langgraph,added,,,,,
langgraph.config.get_store,langgraph,added,added,added,added,added,
langgraph.config.get_stream_writer,langgraph,added,added,added,added,added,
langgraph.errors.ErrorCode,langgraph,added,,,added,,
langgraph.errors.GraphInterrupt,langgraph,added,,,,,
langgraph.errors.GraphRecursionError,langgraph,added,,,,,
langgraph.errors.InvalidUpdateError,langgraph,added,,,,,
langgraph.errors.NodeInterrupt,langgraph,added,modified,modified,modified,modified,modified
langgraph.errors.TaskNotFound,langgraph,added,,,added,,
langgraph.func.BaseCheckpointSaver,langgraph,added,,,,,
langgraph.func.ChannelWrite,langgraph,added,modified,modified,added,modified,modified
langgraph.func.ChannelWriteEntry,langgraph,added,,,,,
langgraph.func.PregelNode,langgraph,added,modified,modified,added,modified,
langgraph.func.identifier,langgraph,added,added,added,added,added,
langgraph.func.task,langgraph,added,added,added,added,modified,modified
langgraph.graph.message.MessageGraph,langgraph,added,,,,,
langgraph.graph.message.add_messages,langgraph,added,modified,modified,modified,,
langgraph.graph.message.push_message,langgraph,added,added,added,added,added,
langgraph.graph.state.ChannelRead,langgraph,added,,,,,
langgraph.graph.state.ChannelWriteTupleEntry,langgraph,added,added,added,added,,
langgraph.graph.state.Checkpoint,langgraph,added,,,,,
langgraph.graph.state.StateNodeSpec,langgraph,added,modified,modified,modified,modified,modified
langgraph.graph.ui.RemoveUIMessage,langgraph,added,added,added,added,added,
langgraph.graph.ui.UIMessage,langgraph,added,added,added,added,added,
langgraph.graph.ui.delete_ui_message,langgraph,added,added,added,added,added,
langgraph.graph.ui.push_ui_message,langgraph,added,added,added,added,added,
langgraph.graph.ui.ui_message_reducer,langgraph,added,added,added,added,added,
langgraph.prebuilt.chat_agent_executor.AgentStateWithStructuredResponse,langgraph,added,added,added,added,added,
langgraph.prebuilt.chat_agent_executor.AgentStateWithStructuredResponsePydantic,langgraph,added,added,added,added,added,
langgraph.prebuilt.interrupt.ActionRequest,langgraph,added,added,added,added,,
langgraph.prebuilt.interrupt.HumanInterrupt,langgraph,added,added,added,added,,
langgraph.prebuilt.interrupt.HumanInterruptConfig,langgraph,added,added,added,added,,
langgraph.prebuilt.interrupt.HumanResponse,langgraph,added,added,added,added,,
langgraph.prebuilt.tool_node.InjectedState,langgraph,added,,,,,
langgraph.prebuilt.tool_node.InjectedStore,langgraph,added,,,added,,
langgraph.prebuilt.tool_node.ToolCallRequest,langgraph,added,added,added,added,added,
langgraph.prebuilt.tool_node.ToolCallWithContext,langgraph,added,added,added,added,added,
langgraph.prebuilt.tool_node.ToolInvocationError,langgraph,added,added,added,added,added,
langgraph.prebuilt.tool_node.ToolNode,langgraph,added,modified,modified,modified,modified,
langgraph.prebuilt.tool_node.ToolRuntime,langgraph,added,added,added,added,added,
langgraph.prebuilt.tool_node.msg_content_output,langgraph,added,,,added,,
langgraph.prebuilt.tool_node.tools_condition,langgraph,added,,,modified,,
langgraph.prebuilt.tool_validator.ValidationNode,langgraph,added,,,,,
langgraph.pregel.debug.is_multiple_channel_write,langgraph,added,added,added,added,added,added
langgraph.pregel.debug.map_debug_checkpoint,langgraph,added,modified,modified,modified,modified,modified
langgraph.pregel.debug.map_debug_task_results,langgraph,added,modified,modified,modified,modified,modified
langgraph.pregel.debug.map_debug_tasks,langgraph,added,modified,modified,modified,modified,modified
langgraph.pregel.debug.map_task_result_writes,langgraph,added,added,added,added,added,added
langgraph.pregel.debug.rm_pregel_keys,langgraph,added,added,added,added,added,added
langgraph.pregel.debug.tasks_w_writes,langgraph,added,,,modified,,
langgraph.pregel.protocol.PregelProtocol,langgraph,added,,,added,,
langgraph.pregel.remote.RemoteException,langgraph,added,,,added,,
langgraph.pregel.remote.RemoteGraph,langgraph,added,modified,modified,added,modified,modified
langgraph.runtime.ExecutionInfo,langgraph,added,added,added,added,added,added
langgraph.runtime.Runtime,langgraph,added,added,added,added,added,added
langgraph.runtime.ServerInfo,langgraph,added,added,added,added,added,added
langgraph.runtime.get_runtime,langgraph,added,added,added,added,added,added
langgraph.types.CheckpointTask,langgraph,added,,,,,
langgraph.types.Command,langgraph,added,added,added,added,,
langgraph.types.GraphOutput,langgraph,added,added,added,added,added,added
langgraph.types.MessagesStreamPart,langgraph,added,added,added,added,added,added
langgraph.types.Overwrite,langgraph,added,added,added,added,added,added
langgraph.types.PregelExecutableTask,langgraph,added,modified,modified,modified,modified,modified
langgraph.types.RetryPolicy,langgraph,added,,,,,
langgraph.types.Send,langgraph,added,,,,,
langgraph.types.StateSnapshot,langgraph,added,,,,,
langgraph.types.TasksStreamPart,langgraph,added,added,added,added,added,added
langgraph.types.UpdatesStreamPart,langgraph,added,added,added,added,added,added
langgraph.types.interrupt,langgraph,added,added,added,added,,
langgraph.warnings.LangGraphDeprecationWarning,langgraph,added,added,added,added,added,added
numpy.dtypes.StringDType,numpy,added,,,,,
numpy.errstate,numpy,modified,,,,,
numpy.eye,numpy,modified,,,,,
numpy.f2py.auxfuncs.process_f2cmap_dict,numpy,added,,,,,
numpy.f2py.cfuncs.errmess,numpy,added,,,,,
numpy.f2py.crackfortran.param_eval,numpy,added,,,,,
numpy.f2py.crackfortran.param_parse,numpy,added,,,,,
numpy.fft.fftfreq,numpy,modified,,,,,
numpy.fft.rfftfreq,numpy,modified,,,,,
numpy.full,numpy,modified,,,,,
numpy.lib.introspect.opt_func_info,numpy,added,,,,,
numpy.loadtxt,numpy,modified,,,,,
numpy.ma.core.all,numpy,modified,modified,modified,modified,modified,modified
numpy.ma.core.anom,numpy,modified,modified,modified,modified,modified,modified
numpy.ma.core.anomalies,numpy,modified,modified,modified,modified,modified,modified
numpy.ma.core.any,numpy,modified,modified,modified,modified,modified,modified
numpy.ma.core.arange,numpy,modified,modified,modified,modified,modified,modified
numpy.ma.core.argmax,numpy,modified,modified,modified,modified,modified,modified
numpy.ma.core.argmin,numpy,modified,modified,modified,modified,modified,modified
numpy.ma.core.argsort,numpy,modified,,,,,
numpy.ma.core.asanyarray,numpy,modified,modified,modified,modified,modified,modified
numpy.ma.core.clip,numpy,modified,modified,modified,modified,modified,modified
numpy.ma.core.compress,numpy,modified,modified,modified,modified,modified,modified
numpy.ma.core.count,numpy,modified,modified,modified,modified,modified,modified
numpy.ma.core.cumprod,numpy,modified,modified,modified,modified,modified,modified
numpy.ma.core.cumsum,numpy,modified,modified,modified,modified,modified,modified
numpy.ma.core.empty,numpy,modified,modified,modified,modified,modified,modified
numpy.ma.core.empty_like,numpy,modified,modified,modified,modified,modified,modified
numpy.ma.core.frombuffer,numpy,modified,modified,modified,modified,modified,modified
numpy.ma.core.fromfunction,numpy,modified,modified,modified,modified,modified,modified
numpy.ma.core.harden_mask,numpy,modified,modified,modified,modified,modified,modified
numpy.ma.core.identity,numpy,modified,modified,modified,modified,modified,modified
numpy.ma.core.ids,numpy,modified,modified,modified,modified,modified,modified
numpy.ma.core.indices,numpy,modified,modified,modified,modified,modified,modified
numpy.ma.core.make_mask,numpy,modified,,,,,
numpy.ma.core.mean,numpy,modified,modified,modified,modified,modified,modified
numpy.ma.core.nonzero,numpy,modified,modified,modified,modified,modified,modified
numpy.ma.core.ones,numpy,modified,modified,modified,modified,modified,modified
numpy.ma.core.ones_like,numpy,modified,modified,modified,modified,modified,modified
numpy.ma.core.prod,numpy,modified,modified,modified,modified,modified,modified
numpy.ma.core.product,numpy,modified,modified,modified,modified,modified,modified
numpy.ma.core.ravel,numpy,modified,modified,modified,modified,modified,modified
numpy.ma.core.shrink_mask,numpy,modified,modified,modified,modified,modified,modified
numpy.ma.core.soften_mask,numpy,modified,modified,modified,modified,modified,modified
numpy.ma.core.sort,numpy,modified,,,,,
numpy.ma.core.squeeze,numpy,modified,modified,modified,modified,modified,modified
numpy.ma.core.std,numpy,modified,modified,modified,modified,modified,modified
numpy.ma.core.sum,numpy,modified,modified,modified,modified,modified,modified
numpy.ma.core.trace,numpy,modified,modified,modified,modified,modified,modified
numpy.ma.core.var,numpy,modified,modified,modified,modified,modified,modified
numpy.ma.core.zeros,numpy,modified,modified,modified,modified,modified,modified
numpy.ma.core.zeros_like,numpy,modified,modified,modified,modified,modified,modified
numpy.ma.extras.atleast_1d,numpy,modified,modified,modified,modified,modified,modified
numpy.ma.extras.atleast_2d,numpy,modified,modified,modified,modified,modified,modified
numpy.ma.extras.atleast_3d,numpy,modified,modified,modified,modified,modified,modified
numpy.ma.extras.column_stack,numpy,modified,modified,modified,modified,modified,modified
numpy.ma.extras.diagflat,numpy,modified,modified,modified,modified,modified,modified
numpy.ma.extras.dstack,numpy,modified,modified,modified,modified,modified,modified
numpy.ma.extras.hsplit,numpy,modified,modified,modified,modified,modified,modified
numpy.ma.extras.hstack,numpy,modified,modified,modified,modified,modified,modified
numpy.ma.extras.stack,numpy,modified,modified,modified,modified,modified,modified
numpy.ma.mrecords.fromtextfile,numpy,modified,modified,modified,modified,modified,modified
numpy.ones,numpy,modified,,,,,
numpy.set_printoptions,numpy,modified,,,,,
numpy.strings.slice,numpy,added,added,added,added,added,added
pandas.Categorical,pandas,modified,modified,modified,modified,modified,modified
pandas.NamedAgg,pandas,added,added,added,added,added,added
pandas.Series,pandas,modified,modified,modified,modified,modified,modified
pandas.StringDtype,pandas,added,added,added,added,added,added
pandas.api.executors.BaseExecutionEngine,pandas,added,added,added,added,added,added
pandas.api.types.is_hashable,pandas,modified,modified,modified,modified,modified,modified
pandas.api.typing.DatetimeIndexResamplerGroupby,pandas,,modified,modified,modified,modified,modified
pandas.api.typing.Expanding,pandas,added,added,added,added,added,added
pandas.api.typing.ExponentialMovingWindow,pandas,added,added,added,added,added,added
pandas.api.typing.Expression,pandas,added,added,added,added,added,added
pandas.api.typing.PeriodIndexResamplerGroupby,pandas,,modified,modified,modified,modified,modified
pandas.api.typing.Rolling,pandas,added,added,added,added,added,added
pandas.api.typing.SASReader,pandas,added,added,added,added,added,added
pandas.api.typing.TimeGrouper,pandas,modified,modified,modified,modified,modified,modified
pandas.api.typing.TimedeltaIndexResamplerGroupby,pandas,,modified,modified,modified,modified,modified
pandas.api.typing.Window,pandas,added,added,added,added,added,added
pandas.arrays.ArrowStringArray,pandas,added,added,added,added,added,added
pandas.arrays.DatetimeArray,pandas,modified,modified,modified,modified,modified,modified
pandas.arrays.PeriodArray,pandas,modified,modified,modified,modified,modified,modified
pandas.arrays.StringArray,pandas,modified,modified,modified,modified,modified,modified
pandas.arrays.TimedeltaArray,pandas,modified,modified,modified,modified,modified,modified
pandas.col,pandas,added,added,added,added,added,added
pandas.core.accessor.Accessor,pandas,added,added,added,added,added,added
pandas.core.algorithms.duplicated,pandas,modified,,,,,
pandas.core.algorithms.map_array,pandas,modified,modified,modified,modified,modified,modified
pandas.core.apply.frame_apply,pandas,modified,,,,,
pandas.core.apply.import_optional_dependency,pandas,modified,modified,modified,modified,modified,modified
pandas.core.arrays.arrow.accessors.ListAccessor,pandas,added,,,,,
pandas.core.arrays.arrow.accessors.StructAccessor,pandas,added,,,,,
pandas.core.arrays.categorical.recode_for_categories,pandas,modified,modified,modified,modified,modified,modified
pandas.core.arrays.datetimelike.TimelikeOps,pandas,modified,modified,modified,modified,modified,modified
pandas.core.arrays.datetimes.objects_to_datetime64,pandas,added,modified,modified,modified,modified,modified
pandas.core.arrays.string_arrow.validate_na_arg,pandas,added,added,added,added,added,added
pandas.core.common.is_local_in_caller_frame,pandas,added,added,added,added,added,added
pandas.core.computation.align.reconstruct_object,pandas,modified,modified,modified,modified,modified,modified
pandas.core.computation.expressions.evaluate,pandas,modified,modified,modified,modified,modified,modified
pandas.core.computation.expressions.where,pandas,modified,modified,modified,modified,modified,modified
pandas.core.frame.deprecate_nonkeyword_arguments,pandas,modified,modified,modified,modified,modified,modified
pandas.core.groupby.grouper.get_grouper,pandas,modified,modified,modified,modified,modified,modified
pandas.core.indexers.objects.GroupbyIndexer,pandas,modified,modified,modified,modified,modified,modified
pandas.core.indexers.utils.getitem_returns_view,pandas,added,added,added,added,added,added
pandas.core.indexes.api.get_objs_combined_axis,pandas,modified,modified,modified,modified,modified,modified
pandas.core.indexes.multi.MultiIndexUInt16Engine,pandas,added,added,added,added,added,added
pandas.core.indexes.multi.MultiIndexUInt32Engine,pandas,added,added,added,added,added,added
pandas.core.indexes.range.min_fitting_element,pandas,added,added,added,added,added,added
pandas.core.interchange.buffer.PandasBufferPyarrow,pandas,added,,,,,
pandas.core.interchange.dataframe.PandasDataFrameXchg,pandas,modified,,,,,
pandas.core.interchange.utils.maybe_rechunk,pandas,added,,,,,
pandas.core.internals.construction.arrays_to_mgr,pandas,modified,modified,modified,modified,modified,modified
pandas.core.internals.construction.dict_to_mgr,pandas,modified,modified,modified,modified,modified,modified
pandas.core.internals.construction.rec_array_to_mgr,pandas,modified,modified,modified,modified,modified,modified
pandas.core.methods.to_dict.create_data_for_split,pandas,added,added,added,added,added,added
pandas.core.methods.to_dict.to_dict,pandas,modified,,,,,
pandas.core.missing.interpolate_2d_inplace,pandas,modified,,,,,
pandas.core.missing.mask_missing,pandas,modified,modified,modified,modified,modified,modified
pandas.core.resample.get_resampler_for_grouping,pandas,modified,modified,modified,modified,modified,modified
pandas.core.reshape.concat.new_axes,pandas,added,added,added,added,added,added
pandas.core.reshape.merge.get_join_indexers_non_unique,pandas,added,,,,,
pandas.core.reshape.reshape.stack_reshape,pandas,added,added,added,added,added,added
pandas.core.util.numba_.get_jit_arguments,pandas,modified,modified,modified,modified,modified,modified
pandas.core.util.numba_.prepare_function_arguments,pandas,added,added,added,added,added,added
pandas.core.window.ewm.OnlineExponentialMovingWindow,pandas,modified,modified,modified,modified,modified,modified
pandas.core.window.rolling.BaseWindow,pandas,modified,modified,modified,modified,modified,modified
pandas.core.window.rolling.RollingAndExpandingMixin,pandas,modified,modified,modified,modified,modified,modified
pandas.describe_option,pandas,modified,modified,modified,modified,modified,modified
pandas.errors.Pandas4Warning,pandas,added,added,added,added,added,added
pandas.errors.Pandas5Warning,pandas,added,added,added,added,added,added
pandas.errors.PandasPendingDeprecationWarning,pandas,added,added,added,added,added,added
pandas.get_option,pandas,modified,modified,modified,modified,modified,modified
pandas.io.formats.excel.ExcelFormatter,pandas,modified,modified,modified,modified,modified,modified
pandas.io.formats.format.SeriesFormatter,pandas,modified,,,,,
pandas.io.formats.format.get_format_datetime64,pandas,modified,,,,,
pandas.io.formats.style_render.Tooltips,pandas,modified,modified,modified,modified,modified,modified
pandas.io.iceberg.to_iceberg,pandas,added,added,added,added,added,added
pandas.io.parsers.base_parser.evaluate_callable_usecols,pandas,added,added,added,added,added,added
pandas.io.parsers.base_parser.get_na_values,pandas,added,added,added,added,added,added
pandas.io.parsers.base_parser.validate_parse_dates_presence,pandas,added,added,added,added,added,added
pandas.io.sql.ADBCDatabase,pandas,added,,,,,
pandas.pivot_table,pandas,modified,modified,modified,modified,modified,modified
pandas.read_csv,pandas,modified,modified,modified,modified,modified,modified
pandas.read_fwf,pandas,modified,modified,modified,modified,modified,modified
pandas.read_iceberg,pandas,added,added,added,added,added,added
pandas.read_parquet,pandas,modified,modified,modified,modified,modified,modified
pandas.read_spss,pandas,modified,modified,modified,modified,modified,modified
pandas.read_table,pandas,modified,modified,modified,modified,modified,modified
pandas.reset_option,pandas,modified,modified,modified,modified,modified,modified
pandas.set_option,pandas,modified,modified,modified,modified,modified,modified
pandas.to_datetime,pandas,modified,modified,modified,modified,modified,modified
pandas.tseries.holiday.Holiday,pandas,modified,modified,modified,modified,modified,modified
pydantic.aliases.AliasGenerator,pydantic,added,,,,,
pydantic.dataclasses.is_pydantic_dataclass,pydantic,modified,,,,,
pydantic.deprecated.tools.schema_json_of,pydantic,modified,,,,,
pydantic.deprecated.tools.schema_of,pydantic,modified,,,,,
pydantic.errors.PydanticForbiddenQualifier,pydantic,added,added,added,added,added,
pydantic.experimental.arguments_schema.generate_arguments_schema,pydantic,added,added,added,added,added,
pydantic.fields.PrivateAttr,pydantic,modified,,,,,
pydantic.functional_serializers.field_serializer,pydantic,modified,modified,modified,modified,modified,modified
pydantic.functional_serializers.model_serializer,pydantic,modified,,,,,
pydantic.functional_validators.BeforeValidator,pydantic,modified,,,modified,,
pydantic.functional_validators.FreeModelBeforeValidator,pydantic,added,,,,,
pydantic.functional_validators.FreeModelBeforeValidatorWithoutInfo,pydantic,added,,,,,
pydantic.functional_validators.PlainValidator,pydantic,modified,,,modified,,
pydantic.functional_validators.ValidateAs,pydantic,added,added,added,added,added,added
pydantic.functional_validators.WrapValidator,pydantic,modified,,,modified,,
pydantic.functional_validators.field_validator,pydantic,modified,,,modified,,
pydantic.json_schema.GenerateJsonSchema,pydantic,modified,modified,modified,modified,modified,modified
pydantic.json_schema.model_json_schema,pydantic,modified,modified,modified,modified,modified,modified
pydantic.json_schema.models_json_schema,pydantic,modified,modified,modified,modified,modified,modified
pydantic.networks.AmqpDsn,pydantic,modified,modified,modified,modified,,
pydantic.networks.AnyHttpUrl,pydantic,modified,modified,modified,modified,,
pydantic.networks.AnyUrl,pydantic,modified,modified,modified,modified,,
pydantic.networks.AnyWebsocketUrl,pydantic,added,added,added,added,,
pydantic.networks.ClickHouseDsn,pydantic,added,added,added,added,,
pydantic.networks.CockroachDsn,pydantic,modified,modified,modified,modified,,
pydantic.networks.FileUrl,pydantic,modified,modified,modified,modified,,
pydantic.networks.FtpUrl,pydantic,added,added,added,added,,
pydantic.networks.HttpUrl,pydantic,modified,modified,modified,modified,,
pydantic.networks.KafkaDsn,pydantic,modified,modified,modified,modified,,
pydantic.networks.MariaDBDsn,pydantic,added,added,added,added,,
pydantic.networks.MongoDsn,pydantic,modified,modified,modified,modified,,
pydantic.networks.NatsDsn,pydantic,added,added,added,added,,
pydantic.networks.PostgresDsn,pydantic,modified,modified,modified,modified,,
pydantic.networks.RedisDsn,pydantic,modified,modified,modified,modified,,
pydantic.networks.UrlConstraints,pydantic,modified,modified,modified,modified,modified,modified
pydantic.networks.WebsocketUrl,pydantic,added,added,added,added,,
pydantic.root_model.RootModel,pydantic,modified,,,,,
pydantic.type_adapter.create_schema_validator,pydantic,modified,modified,modified,modified,modified,modified
pydantic.types.FailFast,pydantic,added,,,,,
pydantic.types.Secret,pydantic,added,,,,,
pydantic.types.StringConstraints,pydantic,modified,modified,modified,modified,modified,modified
pydantic.validate_call_decorator.validate_call,pydantic,modified,,,,,
pydantic.warnings.PydanticExperimentalWarning,pydantic,added,,,,,
pydantic.warnings.TypedDictExtraConfigWarning,pydantic,added,added,added,added,added,added
pydantic.warnings.UnsupportedFieldAttributeWarning,pydantic,added,added,added,added,added,added
pymatgen.cli.pmg.diff_incar,pymatgen,added,,,,,
pymatgen.cli.pmg.parse_view,pymatgen,added,,,,,
pymatgen.cli.pmg_analyze.get_magnetizations,pymatgen,modified,,,,,
pymatgen.cli.pmg_potcar.proc_dir,pymatgen,modified,,,,,
pymatgen.cli.pmg_structure.analyze_localenv,pymatgen,added,,,,,
pymatgen.cli.pmg_structure.analyze_structures,pymatgen,added,,,,,
pymatgen.cli.pmg_structure.analyze_symmetry,pymatgen,added,,,,,
pymatgen.cli.pmg_structure.compare_structures,pymatgen,added,,,,,
pymatgen.cli.pmg_structure.convert_fmt,pymatgen,added,,,,,
pymatgen.command_line.bader_caller.BaderAnalysis,pymatgen,,modified,modified,,modified,modified
pymatgen.command_line.bader_caller.VolumetricData,pymatgen,,modified,modified,,modified,modified
pymatgen.command_line.chargemol_caller.ChargemolAnalysis,pymatgen,modified,modified,modified,,modified,modified
pymatgen.command_line.critic2_caller.VolumetricData,pymatgen,,modified,modified,,modified,modified
pymatgen.core.surface.SlabGenerator,pymatgen,,modified,modified,,modified,modified
pymatgen.core.surface.generate_all_slabs,pymatgen,,modified,modified,,modified,modified
pymatgen.core.surface.get_symmetrically_distinct_miller_indices,pymatgen,,modified,modified,,modified,modified
pymatgen.entries.mixing_scheme.Compatibility,pymatgen,added,,,,,
pymatgen.entries.mixing_scheme.CompatibilityError,pymatgen,added,,,,,
pymatgen.entries.mixing_scheme.MaterialsProject2020Compatibility,pymatgen,added,,,,,
pymatgen.entries.mixing_scheme.MaterialsProjectDFTMixingScheme,pymatgen,added,modified,modified,modified,modified,modified
pymatgen.util.io_utils.micro_pyawk,pymatgen,modified,modified,modified,,modified,modified
rdkit.Chem.AtomPairs.Sheridan.GetBPFingerprint,rdkit,modified,,,,,
rdkit.Chem.AtomPairs.Sheridan.GetBTFingerprint,rdkit,modified,,,,,
rdkit.Chem.Descriptors3D.CalcMolDescriptors3D,rdkit,modified,modified,modified,modified,modified,modified
rdkit.Chem.Draw.DrawMolWithMatches,rdkit,added,added,added,added,added,added
rdkit.Chem.Draw.MolToImage,rdkit,modified,modified,modified,modified,,
rdkit.Chem.Draw.SimilarityMaps.GetAtomicWeightsForFingerprintGenerator,rdkit,added,added,added,added,added,added
rdkit.Chem.Draw.SimilarityMaps.GetSimilarityMapForFingerprint,rdkit,modified,modified,modified,modified,,
rdkit.Chem.Draw.SimilarityMaps.GetSimilarityMapForFingerprintGenerator,rdkit,added,added,added,added,added,added
rdkit.Chem.Draw.SimilarityMaps.GetSimilarityMapForModel,rdkit,modified,modified,modified,modified,,
rdkit.Chem.Draw.SimilarityMaps.GetSimilarityMapFromWeights,rdkit,modified,modified,modified,modified,modified,
rdkit.Chem.FindMolChiralCenters,rdkit,modified,,,,,
rdkit.Chem.Lipinski.NumAmideBonds,rdkit,added,added,added,added,,
rdkit.Chem.Lipinski.NumAtomStereoCenters,rdkit,added,added,added,added,,
rdkit.Chem.Lipinski.NumBridgeheadAtoms,rdkit,added,added,added,added,,
rdkit.Chem.Lipinski.NumHeterocycles,rdkit,added,added,added,added,,
rdkit.Chem.Lipinski.NumSpiroAtoms,rdkit,added,added,added,added,,
rdkit.Chem.Lipinski.NumUnspecifiedAtomStereoCenters,rdkit,added,added,added,added,,
rdkit.Chem.Lipinski.Phi,rdkit,added,added,added,added,,
rdkit.Chem.Pharm2D.Utils.GetUniqueCombinations,rdkit,modified,modified,modified,modified,modified,
rdkit.Chem.Pharm2D.Utils.GetUniqueCombinations_new,rdkit,modified,modified,modified,modified,modified,
rdkit.Chem.Recap.TestCase,rdkit,added,,,,,
rdkit.Chem.RegistrationHash.GetMolLayers,rdkit,modified,,,,,
rdkit.Chem.inchi.MolFromInchiAndAuxInfo,rdkit,added,added,added,added,added,added
rdkit.DataStructs.getElementFromFlatMatrix,rdkit,added,added,added,added,added,added
rdkit.DataStructs.getNForFlatMatrix,rdkit,added,added,added,added,added,added
rdkit.ML.Cluster.Butina.compute_distance_matrix,rdkit,added,added,added,added,,
scanpy.external.exporting.write_hdf5_cells,scanpy,modified,modified,modified,modified,modified,modified
scanpy.external.exporting.write_hdf5_genes,scanpy,modified,modified,modified,modified,modified,modified
scanpy.external.exporting.write_sparse_npz,scanpy,modified,modified,modified,modified,modified,modified
scanpy.get.aggregate,scanpy,added,,,,,
scanpy.neighbors.KwdsForTransformer,scanpy,added,,,,,
scanpy.neighbors.Neighbors,scanpy,modified,,,,,
scanpy.neighbors.OnFlySymMatrix,scanpy,modified,modified,modified,modified,modified,modified
scanpy.plotting.DotPlot,scanpy,modified,,,,,
scanpy.plotting.MatrixPlot,scanpy,modified,,,,,
scanpy.plotting.StackedViolin,scanpy,modified,,,,,
scanpy.plotting.diffmap,scanpy,modified,,,,,
scanpy.plotting.pca,scanpy,modified,,,,,
scanpy.plotting.pca_scatter,scanpy,modified,,,,,
scanpy.preprocessing.sample,scanpy,added,added,added,added,added,
scanpy.readwrite.is_valid_filename,scanpy,modified,modified,modified,modified,modified,
scanpy.tools.leiden,scanpy,modified,,,,,
scipy.cluster.hierarchy.ClusterNode,scipy,modified,modified,modified,modified,,
scipy.cluster.vq.whiten,scipy,modified,modified,modified,modified,modified,modified
scipy.differentiate.derivative,scipy,added,added,added,added,,
scipy.differentiate.hessian,scipy,added,added,added,added,,
scipy.differentiate.jacobian,scipy,added,added,added,added,,
scipy.fft.fftfreq,scipy,modified,,,,,
scipy.fft.rfftfreq,scipy,modified,,,,,
scipy.fftpack.cc_diff,scipy,modified,modified,modified,modified,,
scipy.fftpack.cs_diff,scipy,modified,modified,modified,modified,,
scipy.fftpack.diff,scipy,modified,modified,modified,modified,,
scipy.fftpack.hilbert,scipy,modified,modified,modified,modified,,
scipy.fftpack.ihilbert,scipy,modified,modified,modified,modified,,
scipy.fftpack.itilbert,scipy,modified,modified,modified,modified,,
scipy.fftpack.sc_diff,scipy,modified,modified,modified,modified,,
scipy.fftpack.shift,scipy,modified,modified,modified,modified,,
scipy.fftpack.ss_diff,scipy,modified,modified,modified,modified,,
scipy.fftpack.tilbert,scipy,modified,modified,modified,modified,,
scipy.integrate.OdeSolution,scipy,modified,,,,,
scipy.integrate.cubature,scipy,added,added,added,added,,
scipy.integrate.cumulative_simpson,scipy,added,,,,,
scipy.integrate.lebedev_rule,scipy,added,added,added,added,,
scipy.integrate.nsum,scipy,added,added,added,added,,
scipy.integrate.simpson,scipy,modified,modified,modified,modified,,
scipy.integrate.tanhsinh,scipy,added,added,added,added,,
scipy.interpolate.AAA,scipy,added,added,added,added,,
scipy.interpolate.Akima1DInterpolator,scipy,modified,,,,,
scipy.interpolate.BarycentricInterpolator,scipy,modified,modified,modified,modified,modified,modified
scipy.interpolate.FloaterHormannInterpolator,scipy,added,added,added,added,modified,modified
scipy.interpolate.NdBSpline,scipy,added,,,,,
scipy.interpolate.RectBivariateSpline,scipy,modified,modified,modified,modified,modified,modified
scipy.interpolate.RegularGridInterpolator,scipy,modified,,,,,
scipy.interpolate.barycentric_interpolate,scipy,modified,modified,modified,modified,,
scipy.interpolate.generate_knots,scipy,added,added,added,added,modified,modified
scipy.interpolate.make_lsq_spline,scipy,modified,modified,modified,modified,,
scipy.interpolate.make_smoothing_spline,scipy,modified,modified,modified,modified,modified,modified
scipy.interpolate.make_splprep,scipy,added,added,added,added,modified,modified
scipy.interpolate.make_splrep,scipy,added,added,added,added,modified,modified
scipy.io.hb_read,scipy,modified,modified,modified,modified,,
scipy.io.matlab.loadmat,scipy,modified,modified,modified,modified,,
scipy.io.mmio.mmread,scipy,modified,modified,modified,modified,,
scipy.io.mmread,scipy,modified,modified,modified,modified,,
scipy.io.mmwrite,scipy,modified,,,,,
scipy.io.wavfile.SeekEmulatingReader,scipy,added,added,added,added,added,added
scipy.linalg.interpolative.estimate_rank,scipy,modified,modified,modified,modified,,
scipy.linalg.interpolative.estimate_spectral_norm,scipy,modified,modified,modified,modified,,
scipy.linalg.interpolative.estimate_spectral_norm_diff,scipy,modified,modified,modified,modified,,
scipy.linalg.interpolative.interp_decomp,scipy,modified,modified,modified,modified,,
scipy.linalg.interpolative.svd,scipy,modified,modified,modified,modified,,
scipy.linalg.inv,scipy,modified,modified,modified,modified,modified,modified
scipy.linalg.lapack.find_best_lapack_type,scipy,added,added,added,added,added,added
scipy.linalg.solve,scipy,modified,modified,modified,modified,,
scipy.ndimage.binary_closing,scipy,modified,modified,modified,modified,,
scipy.ndimage.binary_dilation,scipy,modified,modified,modified,modified,,
scipy.ndimage.binary_erosion,scipy,modified,modified,modified,modified,,
scipy.ndimage.binary_fill_holes,scipy,modified,modified,modified,modified,,
scipy.ndimage.binary_hit_or_miss,scipy,modified,modified,modified,modified,,
scipy.ndimage.binary_opening,scipy,modified,modified,modified,modified,,
scipy.ndimage.binary_propagation,scipy,modified,modified,modified,modified,,
scipy.ndimage.black_tophat,scipy,modified,modified,modified,modified,,
scipy.ndimage.convolve,scipy,modified,modified,modified,modified,,
scipy.ndimage.correlate,scipy,modified,modified,modified,modified,,
scipy.ndimage.gaussian_gradient_magnitude,scipy,modified,modified,modified,modified,,
scipy.ndimage.gaussian_laplace,scipy,modified,modified,modified,modified,,
scipy.ndimage.generic_filter,scipy,modified,modified,modified,modified,,
scipy.ndimage.generic_gradient_magnitude,scipy,modified,modified,modified,modified,,
scipy.ndimage.generic_laplace,scipy,modified,modified,modified,modified,,
scipy.ndimage.geometric_transform,scipy,modified,modified,modified,modified,,
scipy.ndimage.grey_closing,scipy,modified,modified,modified,modified,,
scipy.ndimage.grey_dilation,scipy,modified,modified,modified,modified,,
scipy.ndimage.grey_erosion,scipy,modified,modified,modified,modified,,
scipy.ndimage.grey_opening,scipy,modified,modified,modified,modified,,
scipy.ndimage.laplace,scipy,modified,modified,modified,modified,,
scipy.ndimage.morphological_gradient,scipy,modified,modified,modified,modified,,
scipy.ndimage.morphological_laplace,scipy,modified,modified,modified,modified,,
scipy.ndimage.white_tophat,scipy,modified,modified,modified,modified,,
scipy.optimize.NonlinearConstraint,scipy,modified,modified,modified,modified,,
scipy.optimize.RootResults,scipy,modified,,,,,
scipy.optimize.elementwise.bracket_minimum,scipy,added,added,added,added,,
scipy.optimize.elementwise.bracket_root,scipy,added,added,added,added,,
scipy.optimize.elementwise.find_minimum,scipy,added,added,added,added,,
scipy.optimize.elementwise.find_root,scipy,added,added,added,added,,
scipy.optimize.fmin_bfgs,scipy,modified,,,,,
scipy.optimize.fmin_cg,scipy,modified,,,,,
scipy.optimize.fmin_ncg,scipy,modified,,,,,
scipy.optimize.isotonic_regression,scipy,added,,,,,
scipy.signal.ShortTimeFFT,scipy,added,,,,,
scipy.signal.besselap,scipy,modified,modified,modified,modified,modified,modified
scipy.signal.buttap,scipy,modified,modified,modified,modified,modified,modified
scipy.signal.cheb1ap,scipy,modified,modified,modified,modified,modified,modified
scipy.signal.cheb2ap,scipy,modified,modified,modified,modified,modified,modified
scipy.signal.chirp,scipy,modified,modified,modified,modified,,
scipy.signal.closest_STFT_dual_window,scipy,added,added,added,added,added,added
scipy.signal.coherence,scipy,modified,modified,modified,modified,modified,modified
scipy.signal.csd,scipy,modified,modified,modified,modified,modified,modified
scipy.signal.ellipap,scipy,modified,modified,modified,modified,modified,modified
scipy.signal.firls,scipy,modified,,,,,
scipy.signal.firwin,scipy,modified,,,,,
scipy.signal.firwin2,scipy,modified,,,,,
scipy.signal.firwin_2d,scipy,added,added,added,added,added,added
scipy.signal.freqz_sos,scipy,added,added,added,added,,
scipy.signal.gammatone,scipy,modified,modified,modified,modified,modified,modified
scipy.signal.hilbert2,scipy,modified,modified,modified,modified,modified,modified
scipy.signal.iircomb,scipy,modified,modified,modified,modified,modified,modified
scipy.signal.iirnotch,scipy,modified,modified,modified,modified,modified,modified
scipy.signal.iirpeak,scipy,modified,modified,modified,modified,modified,modified
scipy.signal.istft,scipy,modified,modified,modified,modified,modified,modified
scipy.signal.minimum_phase,scipy,modified,,,,,
scipy.signal.remez,scipy,modified,,,,,
scipy.signal.savgol_coeffs,scipy,modified,modified,modified,modified,modified,modified
scipy.signal.sosfreqz,scipy,modified,modified,modified,modified,,
scipy.signal.spectrogram,scipy,modified,modified,modified,modified,modified,modified
scipy.signal.stft,scipy,modified,modified,modified,modified,modified,modified
scipy.signal.welch,scipy,modified,modified,modified,modified,modified,modified
scipy.signal.windows.barthann,scipy,modified,modified,modified,modified,modified,modified
scipy.signal.windows.bartlett,scipy,modified,modified,modified,modified,modified,modified
scipy.signal.windows.blackman,scipy,modified,modified,modified,modified,modified,modified
scipy.signal.windows.blackmanharris,scipy,modified,modified,modified,modified,modified,modified
scipy.signal.windows.bohman,scipy,modified,modified,modified,modified,modified,modified
scipy.signal.windows.boxcar,scipy,modified,modified,modified,modified,modified,modified
scipy.signal.windows.chebwin,scipy,modified,modified,modified,modified,modified,modified
scipy.signal.windows.cosine,scipy,modified,modified,modified,modified,modified,modified
scipy.signal.windows.dpss,scipy,modified,modified,modified,modified,modified,modified
scipy.signal.windows.exponential,scipy,modified,modified,modified,modified,modified,modified
scipy.signal.windows.flattop,scipy,modified,modified,modified,modified,modified,modified
scipy.signal.windows.gaussian,scipy,modified,modified,modified,modified,modified,modified
scipy.signal.windows.general_gaussian,scipy,modified,modified,modified,modified,modified,modified
scipy.signal.windows.general_hamming,scipy,modified,modified,modified,modified,modified,modified
scipy.signal.windows.get_window,scipy,modified,modified,modified,modified,modified,modified
scipy.signal.windows.hamming,scipy,modified,modified,modified,modified,modified,modified
scipy.signal.windows.hann,scipy,modified,modified,modified,modified,modified,modified
scipy.signal.windows.kaiser,scipy,modified,modified,modified,modified,modified,modified
scipy.signal.windows.kaiser_bessel_derived,scipy,modified,modified,modified,modified,modified,modified
scipy.signal.windows.lanczos,scipy,modified,modified,modified,modified,modified,modified
scipy.signal.windows.nuttall,scipy,modified,modified,modified,modified,modified,modified
scipy.signal.windows.parzen,scipy,modified,modified,modified,modified,modified,modified
scipy.signal.windows.taylor,scipy,modified,modified,modified,modified,modified,modified
scipy.signal.windows.triang,scipy,modified,modified,modified,modified,modified,modified
scipy.signal.windows.tukey,scipy,modified,modified,modified,modified,modified,modified
scipy.sparse.block_array,scipy,added,,,,,
scipy.sparse.bsr_array,scipy,modified,modified,modified,modified,,
scipy.sparse.bsr_matrix,scipy,modified,modified,modified,modified,,
scipy.sparse.coo_array,scipy,modified,modified,modified,modified,,
scipy.sparse.coo_matrix,scipy,modified,modified,modified,modified,,
scipy.sparse.csc_array,scipy,modified,modified,modified,modified,,
scipy.sparse.csc_matrix,scipy,modified,modified,modified,modified,,
scipy.sparse.csr_array,scipy,modified,modified,modified,modified,,
scipy.sparse.csr_matrix,scipy,modified,modified,modified,modified,,
scipy.sparse.dia_array,scipy,modified,modified,modified,modified,,
scipy.sparse.dia_matrix,scipy,modified,modified,modified,modified,,
scipy.sparse.dok_array,scipy,modified,modified,modified,modified,,
scipy.sparse.dok_matrix,scipy,modified,modified,modified,modified,,
scipy.sparse.expand_dims,scipy,added,added,added,added,added,added
scipy.sparse.eye_array,scipy,added,,,,,
scipy.sparse.lil_array,scipy,modified,modified,modified,modified,,
scipy.sparse.lil_matrix,scipy,modified,modified,modified,modified,,
scipy.sparse.linalg.LaplacianNd,scipy,added,,,,,
scipy.sparse.linalg.bicg,scipy,modified,,,,,
scipy.sparse.linalg.bicgstab,scipy,modified,,,,,
scipy.sparse.linalg.cg,scipy,modified,,,,,
scipy.sparse.linalg.cgs,scipy,modified,,,,,
scipy.sparse.linalg.eigs,scipy,modified,modified,modified,modified,modified,modified
scipy.sparse.linalg.eigsh,scipy,modified,modified,modified,modified,modified,modified
scipy.sparse.linalg.funm_multiply_krylov,scipy,added,added,added,added,added,added
scipy.sparse.linalg.gcrotmk,scipy,modified,,,,,
scipy.sparse.linalg.gmres,scipy,modified,,,,,
scipy.sparse.linalg.is_sptriangular,scipy,added,added,added,added,added,
scipy.sparse.linalg.lgmres,scipy,modified,,,,,
scipy.sparse.linalg.matrix_power,scipy,added,,,,,
scipy.sparse.linalg.minres,scipy,modified,,,,,
scipy.sparse.linalg.qmr,scipy,modified,,,,,
scipy.sparse.linalg.spbandwidth,scipy,added,added,added,added,added,
scipy.sparse.linalg.splu,scipy,modified,modified,modified,modified,,
scipy.sparse.linalg.tfqmr,scipy,modified,,,,,
scipy.sparse.permute_dims,scipy,added,added,added,added,added,added
scipy.sparse.safely_cast_index_arrays,scipy,added,added,added,added,,
scipy.sparse.swapaxes,scipy,added,added,added,added,added,added
scipy.spatial.distance_matrix,scipy,modified,modified,modified,modified,modified,modified
scipy.spatial.minkowski_distance,scipy,modified,modified,modified,modified,modified,modified
scipy.spatial.minkowski_distance_p,scipy,modified,modified,modified,modified,modified,modified
scipy.spatial.transform.RigidTransform,scipy,added,added,added,added,added,added
scipy.spatial.transform.Rotation,scipy,modified,modified,modified,modified,modified,modified
scipy.special.comb,scipy,modified,,,,,
scipy.special.factorial,scipy,modified,modified,modified,modified,,
scipy.special.factorial2,scipy,modified,modified,modified,modified,,
scipy.special.factorialk,scipy,modified,modified,modified,modified,,
scipy.special.softplus,scipy,added,added,added,added,,
scipy.special.stirling2,scipy,added,,,,,
scipy.stats.Binomial,scipy,added,added,added,added,added,added
scipy.stats.BootstrapMethod,scipy,modified,modified,modified,modified,,
scipy.stats.Logistic,scipy,added,added,added,added,added,added
scipy.stats.Mixture,scipy,added,added,added,added,,
scipy.stats.MonteCarloMethod,scipy,modified,modified,modified,modified,,
scipy.stats.Normal,scipy,added,added,added,added,,
scipy.stats.PermutationMethod,scipy,modified,modified,modified,modified,,
scipy.stats.Uniform,scipy,added,added,added,added,,
scipy.stats.abs,scipy,added,added,added,added,,
scipy.stats.alexandergovern,scipy,modified,,,,,
scipy.stats.ansari,scipy,modified,,,,,
scipy.stats.bartlett,scipy,modified,,,,,
scipy.stats.boxcox_llf,scipy,modified,modified,modified,modified,modified,modified
scipy.stats.boxcox_normmax,scipy,modified,,,,,
scipy.stats.brunnermunzel,scipy,modified,,,,,
scipy.stats.bws_test,scipy,added,,,,,
scipy.stats.chatterjeexi,scipy,added,added,added,added,,
scipy.stats.chisquare,scipy,modified,modified,modified,modified,modified,modified
scipy.stats.circmean,scipy,modified,,,,,
scipy.stats.circstd,scipy,modified,,,,,
scipy.stats.circvar,scipy,modified,,,,,
scipy.stats.combine_pvalues,scipy,modified,,,,,
scipy.stats.contingency.chi2_contingency,scipy,modified,modified,modified,modified,,
scipy.stats.cramervonmises,scipy,modified,,,,,
scipy.stats.cramervonmises_2samp,scipy,modified,,,,,
scipy.stats.differential_entropy,scipy,modified,,,,,
scipy.stats.distributions.betanbinom_gen,scipy,added,,,,,
scipy.stats.distributions.dpareto_lognorm_gen,scipy,added,added,added,added,,
scipy.stats.distributions.irwinhall_gen,scipy,added,,,,,
scipy.stats.distributions.jf_skew_t_gen,scipy,added,,,,,
scipy.stats.distributions.landau_gen,scipy,added,added,added,added,,
scipy.stats.distributions.poisson_binom_gen,scipy,added,added,added,added,,
scipy.stats.entropy,scipy,modified,,,,,
scipy.stats.epps_singleton_2samp,scipy,modified,,,,,
scipy.stats.exp,scipy,added,added,added,added,,
scipy.stats.f_oneway,scipy,modified,modified,modified,modified,modified,modified
scipy.stats.fisher_exact,scipy,modified,modified,modified,modified,,
scipy.stats.fligner,scipy,modified,,,,,
scipy.stats.friedmanchisquare,scipy,modified,,,,,
scipy.stats.gstd,scipy,modified,modified,modified,modified,modified,modified
scipy.stats.kendalltau,scipy,modified,modified,modified,modified,modified,modified
scipy.stats.ks_1samp,scipy,modified,,,,,
scipy.stats.ks_2samp,scipy,modified,,,,,
scipy.stats.kstest,scipy,modified,,,,,
scipy.stats.kurtosistest,scipy,modified,,,,,
scipy.stats.levene,scipy,modified,,,,,
scipy.stats.linregress,scipy,modified,modified,modified,modified,modified,modified
scipy.stats.lmoment,scipy,added,added,added,added,,
scipy.stats.log,scipy,added,added,added,added,,
scipy.stats.median_abs_deviation,scipy,modified,modified,modified,modified,modified,modified
scipy.stats.mood,scipy,modified,,,,,
scipy.stats.mstats.hdquantiles,scipy,modified,modified,modified,modified,,
scipy.stats.mstats.hdquantiles_sd,scipy,modified,modified,modified,modified,,
scipy.stats.mstats.mjci,scipy,modified,modified,modified,modified,,
scipy.stats.mstats.mquantiles,scipy,modified,modified,modified,modified,,
scipy.stats.mstats.mquantiles_cimj,scipy,modified,modified,modified,modified,,
scipy.stats.normaltest,scipy,modified,,,,,
scipy.stats.order_statistic,scipy,added,added,added,added,,
scipy.stats.pearsonr,scipy,modified,,,,,
scipy.stats.pointbiserialr,scipy,modified,modified,modified,modified,modified,modified
scipy.stats.power,scipy,added,,,,,
scipy.stats.power_divergence,scipy,modified,modified,modified,modified,modified,modified
scipy.stats.qmc.geometric_discrepancy,scipy,added,,,,,
scipy.stats.quantile,scipy,added,added,added,added,added,added
scipy.stats.quantile_test,scipy,added,,,,,
scipy.stats.sampling.FastGeneratorInversion,scipy,added,,,,,
scipy.stats.sampling.RatioUniforms,scipy,added,,,,,
scipy.stats.shapiro,scipy,modified,,,,,
scipy.stats.skewtest,scipy,modified,,,,,
scipy.stats.spearmanrho,scipy,added,added,added,added,added,added
scipy.stats.tmax,scipy,modified,,,,,
scipy.stats.tmean,scipy,modified,,,,,
scipy.stats.tmin,scipy,modified,,,,,
scipy.stats.trim_mean,scipy,modified,modified,modified,modified,modified,modified
scipy.stats.truncate,scipy,added,added,added,added,,
scipy.stats.tsem,scipy,modified,,,,,
scipy.stats.tstd,scipy,modified,,,,,
scipy.stats.ttest_ind,scipy,modified,modified,modified,modified,modified,modified
scipy.stats.tukey_hsd,scipy,modified,modified,modified,modified,modified,modified
scipy.stats.tvar,scipy,modified,,,,,
scipy.stats.wasserstein_distance_nd,scipy,added,,,,,
scipy.stats.weightedtau,scipy,modified,modified,modified,modified,modified,modified
scipy.stats.yeojohnson_llf,scipy,modified,modified,modified,modified,modified,modified
scipy.stats.yeojohnson_normmax,scipy,modified,,,,,
sqlalchemy.connectors.asyncio.AsyncIODBAPIConnection,sqlalchemy,added,added,added,added,added,added
sqlalchemy.connectors.asyncio.AsyncIODBAPICursor,sqlalchemy,added,added,added,added,added,added
sqlalchemy.dialects.mysql.mariadb.INET4,sqlalchemy,added,added,added,added,,
sqlalchemy.dialects.mysql.mariadb.INET6,sqlalchemy,added,added,added,added,,
sqlalchemy.dialects.oracle.oracledb_async,sqlalchemy,added,,,,,
sqlalchemy.dialects.oracle.vector.SparseVector,sqlalchemy,added,added,added,added,added,added
sqlalchemy.dialects.oracle.vector.VECTOR,sqlalchemy,added,added,added,added,added,modified
sqlalchemy.dialects.oracle.vector.VectorDistanceType,sqlalchemy,added,added,added,added,added,
sqlalchemy.dialects.oracle.vector.VectorIndexConfig,sqlalchemy,added,added,added,added,added,
sqlalchemy.dialects.oracle.vector.VectorIndexType,sqlalchemy,added,added,added,added,added,
sqlalchemy.dialects.oracle.vector.VectorStorageFormat,sqlalchemy,added,added,added,added,added,
sqlalchemy.dialects.oracle.vector.VectorStorageType,sqlalchemy,added,added,added,added,added,added
sqlalchemy.dialects.postgresql.array.array,sqlalchemy,modified,modified,modified,modified,modified,
sqlalchemy.dialects.postgresql.asyncpg.AsyncpgSmallInteger,sqlalchemy,added,added,added,added,,
sqlalchemy.dialects.postgresql.ranges.AbstractSingleRange,sqlalchemy,added,,,,,
sqlalchemy.dialects.postgresql.ranges.AbstractSingleRangeImpl,sqlalchemy,added,,,,,
sqlalchemy.dialects.postgresql.ranges.MultiRange,sqlalchemy,added,,,,,
sqlalchemy.engine.characteristics.LoggingTokenCharacteristic,sqlalchemy,added,,,,,
sqlalchemy.ext.associationproxy.association_proxy,sqlalchemy,modified,modified,modified,modified,modified,modified
sqlalchemy.ext.orderinglist.OrderingList,sqlalchemy,modified,modified,modified,modified,modified,modified
sqlalchemy.ext.serializer.Deserializer,sqlalchemy,added,,,,,
sqlalchemy.ext.serializer.Serializer,sqlalchemy,added,,,,,
sqlalchemy.orm.composite,sqlalchemy,modified,modified,modified,modified,modified,modified
sqlalchemy.orm.decl_api.mapped_as_dataclass,sqlalchemy,added,added,added,added,added,added
sqlalchemy.orm.deferred,sqlalchemy,modified,modified,modified,modified,modified,modified
sqlalchemy.orm.exc.MappedAnnotationError,sqlalchemy,added,added,added,added,added,
sqlalchemy.orm.mapped_column,sqlalchemy,modified,modified,modified,modified,modified,modified
sqlalchemy.orm.relationship,sqlalchemy,modified,modified,modified,modified,modified,modified
sqlalchemy.orm.synonym,sqlalchemy,modified,modified,modified,modified,modified,modified
sqlalchemy.orm.with_polymorphic,sqlalchemy,modified,,,,,
sqlalchemy.sql.compiler.StrSQLCompiler,sqlalchemy,modified,,,,,
sqlalchemy.sql.ddl.AddConstraint,sqlalchemy,modified,modified,modified,modified,modified,
sqlalchemy.sql.ddl.DropConstraint,sqlalchemy,modified,modified,modified,modified,modified,
sqlalchemy.sql.elements.CollectionAggregate,sqlalchemy,modified,modified,modified,modified,modified,modified
sqlalchemy.sql.elements.Over,sqlalchemy,modified,modified,modified,modified,modified,
sqlalchemy.sql.elements.UnaryExpression,sqlalchemy,modified,modified,modified,modified,modified,modified
sqlalchemy.sql.over,sqlalchemy,modified,modified,modified,modified,modified,
sqlalchemy.sql.schema.Column,sqlalchemy,modified,,,,,
sqlalchemy.sql.selectable.Select,sqlalchemy,modified,modified,modified,modified,modified,
sqlalchemy.sql.sqltypes.Unicode,sqlalchemy,modified,,,,,
sqlalchemy.sql.sqltypes.UnicodeText,sqlalchemy,modified,,,,,
sqlalchemy.util.typing.ArgsTypeProtocol,sqlalchemy,added,added,added,added,,
sqlalchemy.util.typing.fixup_container_fwd_refs,sqlalchemy,added,,,added,,
sqlalchemy.util.typing.includes_none,sqlalchemy,added,added,added,added,,
sqlalchemy.util.typing.pep695_values,sqlalchemy,added,added,added,added,,
torch.accelerator.current_device_index,torch,added,added,added,added,added,
torch.accelerator.memory.memory_stats,torch,modified,modified,modified,modified,modified,modified
torch.accelerator.synchronize,torch,modified,modified,modified,modified,modified,
torch.amp.autocast_mode.is_autocast_available,torch,added,,,,,
torch.amp.grad_scaler.GradScaler,torch,modified,,,,,
torch.ao.quantization.fx.convert.convert_weighted_module,torch,modified,modified,modified,modified,modified,modified
torch.ao.quantization.fx.lower_to_fbgemm.lower_to_fbgemm,torch,modified,modified,modified,modified,modified,
torch.ao.quantization.fx.quantize_handler.DefaultNodeQuantizeHandler,torch,added,added,added,added,added,added
torch.ao.quantization.fx.utils.create_getattr_from_value,torch,modified,modified,modified,modified,modified,modified
torch.ao.quantization.observer.Granularity,torch,added,added,added,added,added,
torch.ao.quantization.observer.MappingType,torch,added,added,added,added,added,
torch.ao.quantization.observer.MovingAverageMinMaxObserver,torch,modified,,,,,
torch.ao.quantization.observer.PerRow,torch,added,added,added,added,added,
torch.ao.quantization.observer.TorchAODType,torch,added,added,added,added,added,
torch.ao.quantization.observer.UniformQuantizationObserverBase,torch,modified,,,,,
torch.ao.quantization.observer.get_block_size,torch,added,added,added,added,added,
torch.ao.quantization.quantize.swap_module,torch,modified,,,,,
torch.autograd.gradcheck.gradcheck,torch,modified,,,,,
torch.autograd.graph.GradientEdge,torch,added,,,,,
torch.autograd.graph.set_warn_on_accumulate_grad_stream_mismatch,torch,added,added,added,added,added,added
torch.autograd.profiler_util.FunctionEvent,torch,modified,modified,modified,modified,modified,modified
torch.backends.cuda.is_flash_attention_available,torch,added,,,added,,
torch.backends.cuda.preferred_blas_library,torch,added,,,,,
torch.backends.mha.get_fastpath_enabled,torch,added,,,,,
torch.compiler.NestedCompileRegionOptions,torch,added,added,added,added,added,added
torch.compiler.config.install_config_module,torch,added,added,added,added,added,
torch.compiler.cudagraph_mark_step_begin,torch,added,,,,,
torch.compiler.disable,torch,modified,modified,modified,modified,modified,modified
torch.compiler.is_dynamo_compiling,torch,added,,,,,
torch.compiler.keep_tensor_guards_unsafe,torch,added,added,added,added,added,added
torch.compiler.load_compiled_function,torch,added,added,added,added,added,added
torch.compiler.nested_compile_region,torch,added,added,added,added,added,added
torch.compiler.set_enable_guard_collectives,torch,added,added,added,added,added,added
torch.compiler.set_stance,torch,added,added,added,added,added,
torch.compiler.skip_all_guards_unsafe,torch,added,added,added,added,added,added
torch.compiler.substitute_in_graph,torch,added,,,added,,
torch.cuda.gds.GdsFile,torch,added,added,added,added,added,
torch.cuda.get_stream_from_external,torch,added,added,added,added,added,
torch.cuda.graphs.make_graphed_callables,torch,modified,,,,,
torch.cuda.is_tf32_supported,torch,added,added,added,added,added,
torch.cuda.memory.reset_accumulated_host_memory_stats,torch,added,added,added,added,added,
torch.cuda.tunable.enable,torch,added,,,,,
torch.cuda.tunable.get_max_tuning_duration,torch,added,,,,,
torch.cuda.tunable.read_file,torch,added,,,,,
torch.cuda.tunable.set_rotating_buffer_size,torch,added,added,added,added,added,
torch.distributed.DistStoreError,torch,added,,,,,
torch.distributed.breakpoint,torch,added,modified,modified,modified,modified,modified
torch.distributed.checkpoint.default_planner.DefaultSavePlanner,torch,modified,modified,modified,modified,modified,
torch.distributed.checkpoint.default_planner.dedup_save_plans,torch,added,,,,,
torch.distributed.checkpoint.filesystem.StreamTransformExtension,torch,added,added,added,added,added,
torch.distributed.checkpoint.format_utils.DynamicMetaLoadPlanner,torch,added,,,,,
torch.distributed.checkpoint.format_utils.dcp_to_torch_save,torch,added,,,,,
torch.distributed.checkpoint.hf_storage.HuggingFaceStorageWriter,torch,added,added,added,added,added,added
torch.distributed.checkpoint.hf_storage.consolidate_safetensors_files,torch,added,added,added,added,added,added
torch.distributed.checkpoint.metadata.Metadata,torch,modified,modified,modified,modified,modified,modified
torch.distributed.checkpoint.planner_helpers.compute_local_shape_and_global_offset,torch,added,modified,modified,modified,modified,modified
torch.distributed.checkpoint.staging.AsyncStager,torch,added,,,,,
torch.distributed.checkpoint.staging.PGTransport,torch,added,added,added,added,added,added
torch.distributed.checkpoint.state_dict.FSDP,torch,modified,,,,,
torch.distributed.checkpoint.state_dict.set_optimizer_state_dict,torch,added,,,,,
torch.distributed.checkpoint.state_dict_loader.load,torch,added,modified,modified,modified,modified,
torch.distributed.checkpoint.state_dict_saver.save,torch,added,modified,modified,modified,modified,modified
torch.distributed.debug.start_debug_server,torch,added,added,added,added,added,added
torch.distributed.debug.stop_debug_server,torch,added,added,added,added,added,added
torch.distributed.device_mesh.DeviceMesh,torch,modified,modified,modified,modified,modified,modified
torch.distributed.distributed_c10d.P2POp,torch,modified,modified,modified,modified,modified,
torch.distributed.distributed_c10d.broadcast_object_list,torch,modified,modified,modified,modified,modified,
torch.distributed.distributed_c10d.gather,torch,modified,modified,modified,modified,modified,
torch.distributed.distributed_c10d.get_default_backend_for_device,torch,added,added,added,added,added,
torch.distributed.distributed_c10d.get_node_local_rank,torch,added,,,,,
torch.distributed.distributed_c10d.new_group,torch,modified,modified,modified,modified,modified,
torch.distributed.distributed_c10d.scatter_object_list,torch,modified,modified,modified,modified,modified,
torch.distributed.distributed_c10d.shrink_group,torch,added,added,added,added,added,added
torch.distributed.elastic.agent.server.health_check_server.HealthCheckServer,torch,added,,,,,
torch.distributed.elastic.agent.server.local_elastic_agent.LocalElasticAgent,torch,modified,,,,,
torch.distributed.elastic.control_plane.worker_main,torch,added,,,,,
torch.distributed.elastic.multiprocessing.api.LogsDest,torch,added,modified,modified,modified,modified,modified
torch.distributed.elastic.multiprocessing.api.PContext,torch,modified,modified,modified,modified,modified,modified
torch.distributed.elastic.multiprocessing.start_processes,torch,modified,modified,modified,modified,modified,modified
torch.distributed.elastic.multiprocessing.tail_log.TailLog,torch,modified,modified,modified,modified,modified,modified
torch.distributed.elastic.rendezvous.api.RendezvousGracefulExitError,torch,added,,,,,
torch.distributed.elastic.rendezvous.api.RendezvousInfo,torch,added,,,,,
torch.distributed.elastic.rendezvous.etcd_rendezvous.create_rdzv_handler,torch,added,added,added,added,added,
torch.distributed.elastic.rendezvous.etcd_store.EtcdStore,torch,added,added,added,added,added,
torch.distributed.elastic.timer.file_based_local_timer.FileTimerServer,torch,modified,,,,,
torch.distributed.elastic.utils.store.barrier,torch,modified,,,modified,,
torch.distributed.elastic.utils.store.get_all,torch,modified,,,,,
torch.distributed.elastic.utils.store.synchronize,torch,modified,,,,,
torch.distributed.flight_recorder.components.builder.build_collectives,torch,added,added,added,added,added,added
torch.distributed.flight_recorder.components.config_manager.JobConfig,torch,added,added,added,added,added,added
torch.distributed.flight_recorder.components.types.EntryState,torch,added,added,added,added,added,added
torch.distributed.flight_recorder.components.types.MatchState,torch,added,added,added,added,added,added
torch.distributed.flight_recorder.components.types.NCCLCall,torch,added,added,added,added,added,added
torch.distributed.flight_recorder.components.utils.align_trace_from_beginning,torch,added,added,added,added,added,added
torch.distributed.fsdp.CPUOffloadPolicy,torch,added,added,added,added,added,
torch.distributed.fsdp.MixedPrecisionPolicy,torch,added,added,added,added,added,
torch.distributed.fsdp.OffloadPolicy,torch,added,added,added,added,added,
torch.distributed.fsdp.UnshardHandle,torch,added,added,added,added,added,
torch.distributed.fsdp.api.FullOptimStateDictConfig,torch,modified,,,,,
torch.distributed.fsdp.api.ShardedOptimStateDictConfig,torch,modified,,,,,
torch.distributed.fsdp.fully_shard,torch,added,modified,modified,added,modified,modified
torch.distributed.fsdp.fully_sharded_data_parallel.FullyShardedDataParallel,torch,modified,,,,,
torch.distributed.fsdp.register_fsdp_forward_method,torch,added,added,added,added,added,
torch.distributed.fsdp.sharded_grad_scaler.ShardedGradScaler,torch,modified,,,,,
torch.distributed.fsdp.share_comm_ctx,torch,added,added,added,added,added,added
torch.distributed.launcher.api.get_default_numa_options,torch,added,added,added,added,added,added
torch.distributed.pipelining.SplitPoint,torch,added,,,,,
torch.distributed.pipelining.microbatch.merge_chunks,torch,added,,,,,
torch.distributed.pipelining.schedules.OptimizedModule,torch,added,added,added,added,added,
torch.distributed.pipelining.schedules.PipelineScheduleMulti,torch,added,modified,modified,modified,modified,modified
torch.distributed.pipelining.schedules.ScheduleGPipe,torch,added,modified,modified,modified,modified,
torch.distributed.pipelining.schedules.ScheduleLoopedBFS,torch,added,modified,modified,modified,modified,modified
torch.distributed.pipelining.schedules.ScheduleZBVZeroBubble,torch,added,added,added,added,added,modified
torch.distributed.pipelining.schedules.generate_rank_to_stage_mapping,torch,added,added,added,added,added,added
torch.distributed.pipelining.schedules.get_schedule_class,torch,added,,,added,,
torch.distributed.pipelining.stage.PipelineStage,torch,added,modified,modified,modified,modified,
torch.distributed.pipelining.stage.map_debug_info,torch,added,,,,,
torch.distributed.pipelining.stage.replicate,torch,added,added,added,added,added,added
torch.distributed.pipelining.stage.stage_backward,torch,added,,,,,
torch.distributed.tensor.debug.CommDebugMode,torch,added,,,added,,
torch.distributed.tensor.debug.visualize_sharding,torch,added,modified,modified,added,modified,modified
torch.distributed.tensor.experimental.local_map,torch,added,modified,modified,added,modified,modified
torch.distributed.tensor.experimental.register_sharding,torch,added,,,added,,
torch.distributed.tensor.parallel.fsdp.DTensorExtensions,torch,added,,,,,
torch.distributed.tensor.parallel.style.ParallelStyle,torch,modified,,,,,
torch.distributed.tensor.placement_types.Replicate,torch,modified,,,,,
torch.distributed.tensor.placement_types.mesh_broadcast,torch,added,modified,modified,added,modified,
torch.distributed.tensor.rand,torch,added,,,added,,
torch.distributions.constraints.MixtureSameFamilyConstraint,torch,added,added,added,added,added,added
torch.distributions.generalized_pareto.GeneralizedPareto,torch,added,added,added,added,added,added
torch.distributions.inverse_gamma.InverseGamma,torch,added,,,,,
torch.export.custom_obj.ScriptObjectMeta,torch,added,,,,,
torch.export.decomp_utils.CustomDecompTable,torch,added,added,added,added,added,
torch.export.dynamic_shapes.AdditionalInputs,torch,added,added,added,added,added,added
torch.export.dynamic_shapes.keystr,torch,added,,,added,,
torch.export.dynamic_shapes.refine_dynamic_shapes_from_suggested_fixes,torch,added,,,,,
torch.export.dynamic_shapes.tree_map,torch,modified,,,,,
torch.export.experimental.OrderedSet,torch,added,added,added,added,added,
torch.export.export,torch,modified,modified,modified,modified,modified,modified
torch.export.exported_program.first_call_function_nn_module_stack,torch,added,,,,,
torch.export.exported_program.is_equivalent,torch,added,,,,,
torch.export.exported_program.placeholder_naming_pass,torch,added,added,added,added,added,
torch.export.exported_program.reorder_kwargs,torch,added,,,,,
torch.export.graph_signature.CustomObjArgument,torch,added,,,modified,,
torch.export.graph_signature.ExportGraphSignature,torch,added,,,,,
torch.export.passes.move_to_device_pass,torch,added,,,added,,
torch.export.pt2_archive.PT2ArchiveReader,torch,added,added,added,added,added,added
torch.export.save,torch,modified,modified,modified,modified,modified,
torch.export.unflatten.FlatArgsAdapter,torch,added,,,,,
torch.export.unflatten.InterpreterModuleDispatcher,torch,added,added,added,added,added,
torch.export.unflatten.unflatten,torch,added,,,,,
torch.func.debug_unwrap,torch,added,added,added,added,added,
torch.func.functional_call,torch,modified,modified,modified,modified,modified,
torch.functional.unravel_index,torch,added,,,,,
torch.fx.experimental.optimization.fuse,torch,modified,,,,,
torch.fx.experimental.proxy_tensor.BackwardState,torch,added,,,,,
torch.fx.experimental.proxy_tensor.FunctionalTensor,torch,added,,,added,,added
torch.fx.experimental.proxy_tensor.autograd_would_have_decomposed,torch,added,added,added,added,added,added
torch.fx.experimental.proxy_tensor.get_proxy_mode,torch,added,,,added,,
torch.fx.experimental.proxy_tensor.make_fx,torch,modified,modified,modified,modified,modified,modified
torch.fx.experimental.proxy_tensor.selective_decompose,torch,added,added,added,added,added,added
torch.fx.experimental.proxy_tensor.thunkify,torch,modified,,,modified,,
torch.fx.experimental.recording.ShapeEnvEvent,torch,added,,,,,
torch.fx.experimental.sym_node.DynamicInt,torch,added,added,added,added,added,added
torch.fx.experimental.sym_node.SymNode,torch,modified,modified,modified,modified,modified,
torch.fx.experimental.sym_node.dtrace_structured,torch,added,added,added,added,added,modified
torch.fx.experimental.symbolic_shapes.CleanDiv,torch,added,,,,,
torch.fx.experimental.symbolic_shapes.DimConstraints,torch,modified,,,modified,,
torch.fx.experimental.symbolic_shapes.EqualityConstraint,torch,modified,modified,modified,modified,modified,
torch.fx.experimental.symbolic_shapes.Max,torch,added,added,added,added,added,
torch.fx.experimental.symbolic_shapes.SLoc,torch,added,added,added,added,added,
torch.fx.experimental.symbolic_shapes.SingletonInt,torch,added,,,,,
torch.fx.experimental.symbolic_shapes.Specialization,torch,added,added,added,added,added,added
torch.fx.experimental.symbolic_shapes.StatefulSymbolicContext,torch,added,modified,modified,modified,modified,modified
torch.fx.experimental.symbolic_shapes.SubclassSymbolicContext,torch,added,modified,modified,modified,modified,modified
torch.fx.experimental.symbolic_shapes.TrackedFake,torch,added,added,added,added,added,added
torch.fx.experimental.symbolic_shapes.ValueRangesSLoc,torch,added,added,added,added,added,
torch.fx.experimental.symbolic_shapes.canonicalize_bool_expr,torch,added,,,,,
torch.fx.experimental.symbolic_shapes.cast_symbool_to_symint_guardless,torch,added,,,,,
torch.fx.experimental.symbolic_shapes.has_free_unbacked_symbols,torch,added,added,added,added,added,
torch.fx.experimental.symbolic_shapes.has_static_value,torch,added,added,added,added,added,added
torch.fx.experimental.symbolic_shapes.is_accessor_node,torch,added,,,added,,
torch.fx.experimental.symbolic_shapes.is_traceable_wrapper_subclass,torch,added,,,,,
torch.fx.experimental.symbolic_shapes.rebind_unbacked,torch,added,,,,,
torch.fx.experimental.symbolic_shapes.sym_eq,torch,added,,,,,
torch.fx.graph.is_opaque_value_type,torch,added,added,added,added,added,added
torch.fx.interpreter.trace_structured,torch,added,modified,modified,modified,modified,
torch.fx.passes.graph_drawer.FxGraphDrawer,torch,modified,,,modified,,
torch.fx.passes.regional_inductor.regional_inductor,torch,added,added,added,added,added,added
torch.fx.passes.regional_inductor_invoke_subgraph.AOTCompiledArtifact,torch,added,added,added,added,added,added
torch.fx.passes.regional_inductor_invoke_subgraph.CacheArtifactManager,torch,added,added,added,added,added,added
torch.fx.passes.runtime_assert.insert_deferred_runtime_asserts,torch,added,,,,,
torch.fx.passes.runtime_assert.lazy_format_graph_code,torch,added,,,,,
torch.fx.passes.split_module.split_module,torch,modified,modified,modified,modified,modified,modified
torch.fx.passes.split_utils.move_non_tensor_nodes_on_boundary,torch,added,added,added,added,added,added
torch.fx.passes.split_utils.split_by_tags,torch,modified,,,,,
torch.fx.passes.splitter_base.NodeEventTracker,torch,added,added,added,added,added,added
torch.fx.passes.tools_common.stable_topological_sort,torch,added,added,added,added,added,added
torch.fx.passes.utils.fuser_utils.fuse_as_graphmodule,torch,modified,modified,modified,modified,modified,
torch.fx.passes.utils.matcher_utils.InternalMatch,torch,modified,,,,,
torch.fx.subgraph_rewriter.replace_pattern_with_filters,torch,modified,modified,modified,modified,modified,modified
torch.fx.traceback.get_current_replay_node,torch,added,added,added,added,added,added
torch.fx.traceback.get_graph_provenance_json,torch,added,added,added,added,added,
torch.hub.help,torch,modified,modified,modified,modified,modified,modified
torch.hub.load,torch,modified,modified,modified,modified,modified,modified
torch.is_storage,torch,modified,,,modified,,
torch.library.custom_op,torch,added,modified,modified,modified,modified,modified
torch.library.get_ctx,torch,added,,,,,
torch.library.get_kernel,torch,added,added,added,added,added,added
torch.library.infer_schema,torch,added,,,added,,
torch.library.opcheck,torch,added,modified,modified,modified,modified,
torch.library.register_autograd,torch,added,,,,,
torch.library.register_fake,torch,added,modified,modified,modified,modified,modified
torch.library.register_vmap,torch,added,,,added,,
torch.library.wrap_triton,torch,added,added,added,added,added,
torch.masked.maskedtensor.core.is_masked_tensor,torch,modified,,,modified,,
torch.mps.compile_shader,torch,added,added,added,added,added,
torch.mps.profiler.is_metal_capture_enabled,torch,added,added,added,added,added,
torch.mps.recommended_max_memory,torch,added,,,added,,
torch.mps.set_rng_state,torch,modified,,,,,
torch.mtia.initial_seed,torch,added,added,added,added,added,added
torch.mtia.mtia_graph.graph_pool_handle,torch,added,added,added,added,added,added
torch.mtia.snapshot,torch,added,added,added,added,added,
torch.nested.narrow,torch,added,,,,,
torch.nested.nested_tensor_from_jagged,torch,added,,,modified,,
torch.nn.attention.SDPBackend,torch,modified,,,,,
torch.nn.attention.activate_flash_attention_impl,torch,added,added,added,added,added,added
torch.nn.attention.bias.CausalBias,torch,added,,,,,
torch.nn.attention.flex_attention.BlockMask,torch,added,modified,modified,added,modified,
torch.nn.attention.flex_attention.FlexKernelOptions,torch,added,added,added,added,added,added
torch.nn.attention.flex_attention.and_masks,torch,added,,,added,,
torch.nn.attention.varlen.AuxRequest,torch,added,added,added,added,added,added
torch.nn.attention.varlen.varlen_attn,torch,added,added,added,added,added,added
torch.nn.functional.SwizzleType,torch,added,added,added,added,added,added
torch.nn.functional.grouped_mm,torch,added,added,added,added,added,added
torch.nn.functional.huber_loss,torch,modified,modified,modified,modified,modified,
torch.nn.functional.lp_pool3d,torch,added,,,,,
torch.nn.functional.scaled_mm,torch,added,added,added,added,added,added
torch.nn.init.kaiming_uniform_,torch,modified,,,,,
torch.nn.init.sparse_,torch,modified,,,,,
torch.nn.modules.activation.Softplus,torch,modified,,,,,
torch.nn.modules.normalization.RMSNorm,torch,added,,,,,
torch.nn.parameter.Buffer,torch,added,,,added,,
torch.nn.utils.get_total_norm,torch,added,added,added,added,added,
torch.nn.utils.memory_format.convert_conv3d_weight_memory_format,torch,added,,,,,
torch.nn.utils.rnn.pad_sequence,torch,modified,,,modified,,
torch.numa.binding.NumaOptions,torch,added,added,added,added,added,added
torch.onnx.InputObserver,torch,added,added,added,added,added,added
torch.onnx.OnnxExporterError,torch,modified,,,modified,,
torch.onnx.ops.attention,torch,added,added,added,added,added,added
torch.onnx.ops.rotary_embedding,torch,added,added,added,added,added,added
torch.onnx.ops.symbolic_multi_out,torch,added,added,added,added,added,added
torch.onnx.symbolic_opset17.stft,torch,modified,modified,modified,modified,modified,
torch.onnx.verification.VerificationInfo,torch,added,added,added,added,added,
torch.optim.Adafactor,torch,added,,,added,,
torch.optim.Muon,torch,added,added,added,added,added,added
torch.optim.adam.Adam,torch,modified,modified,modified,modified,modified,
torch.optim.adamw.adamw,torch,modified,,,,,
torch.optim.asgd.ASGD,torch,modified,,,,,
torch.optim.lr_scheduler.CosineAnnealingWarmRestarts,torch,modified,modified,modified,modified,modified,
torch.optim.lr_scheduler.CyclicLR,torch,modified,modified,modified,modified,modified,
torch.optim.lr_scheduler.OneCycleLR,torch,modified,modified,modified,modified,modified,
torch.optim.lr_scheduler.ReduceLROnPlateau,torch,modified,modified,modified,modified,modified,
torch.optim.lr_scheduler.SequentialLR,torch,modified,modified,modified,modified,modified,
torch.optim.nadam.NAdam,torch,modified,,,,,
torch.optim.radam.RAdam,torch,modified,,,,,
torch.optim.rmsprop.RMSprop,torch,modified,,,,,
torch.optim.rprop.Rprop,torch,modified,,,,,
torch.optim.sgd.SGD,torch,modified,,,,,
torch.profiler.profiler.schedule,torch,modified,modified,modified,modified,modified,
torch.return_types.register_pytree_node,torch,added,,,,,
torch.serialization.get_unsafe_globals_in_checkpoint,torch,added,added,added,added,added,
torch.serialization.load,torch,modified,,,,,
torch.serialization.set_crc32_options,torch,added,added,added,added,added,
torch.serialization.set_default_mmap_options,torch,added,,,added,,
torch.set_warn_always,torch,modified,,,modified,,
torch.sparse.semi_structured.SparseSemiStructuredTensorCUSPARSELT,torch,added,,,,,
torch.sparse.semi_structured.sparse_semi_structured_to_dense_cutlass,torch,added,,,,,
torch.sym_ite,torch,added,,,,,
torch.sym_sum,torch,added,added,added,added,added,
torch.typename,torch,modified,,,modified,,
torch.utils.backend_registration.generate_methods_for_privateuse1_backend,torch,modified,,,,,
torch.utils.checkpoint.checkpoint,torch,modified,modified,modified,modified,modified,modified
torch.utils.checkpoint.create_selective_checkpoint_contexts,torch,added,,,added,,
torch.utils.checkpoint.set_device_states,torch,modified,,,modified,,
torch.utils.collect_env.get_pip_packages,torch,modified,,,,,
torch.utils.cpp_extension.BuildExtension,torch,added,,,,,
torch.utils.cpp_extension.get_compiler_abi_compatibility_and_version,torch,added,,,,,
torch.utils.cpp_extension.load,torch,added,modified,modified,modified,modified,
torch.utils.cpp_extension.load_inline,torch,added,modified,modified,modified,modified,modified
torch.utils.cpp_extension.verify_ninja_availability,torch,added,,,,,
torch.utils.data.sampler.Sampler,torch,modified,modified,modified,modified,modified,modified
torch.utils.dlpack.from_dlpack,torch,modified,modified,modified,modified,modified,modified
torch.utils.file_baton.FileBaton,torch,modified,modified,modified,modified,modified,modified
torch.utils.hipify.hipify_python.TrieNode,torch,added,,,,,
torch.utils.module_tracker.ModuleTracker,torch,added,,,,,
torch.utils.swap_tensors,torch,added,,,,,
torch.while_loop,torch,added,,,added,,
torch.xpu.graphs.XPUGraph,torch,added,added,added,added,added,added
torch.xpu.memory.XPUPluggableAllocator,torch,added,added,added,added,added,added
transformers.AlbertTokenizerFast,transformers,modified,modified,modified,modified,modified,modified
transformers.activations.SiLUActivation,transformers,,added,added,added,added,added
transformers.activations.XIELUActivation,transformers,added,added,added,added,added,added
transformers.audio_utils.chroma_filter_bank,transformers,added,modified,modified,modified,modified,
transformers.audio_utils.conv1d_output_length,transformers,added,added,added,added,added,added
transformers.audio_utils.load_audio_librosa,transformers,added,added,added,added,added,added
transformers.backbone_utils.filter_output_hidden_states,transformers,added,added,added,added,added,added
transformers.backbone_utils.load_backbone,transformers,added,,,,,
transformers.cache_utils.QuantizedCache,transformers,added,modified,modified,modified,modified,modified
transformers.cli.add_new_model_like.find_modular_structure,transformers,added,added,added,added,added,added
transformers.cli.add_new_model_like.get_user_field,transformers,modified,modified,modified,modified,modified,modified
transformers.cli.chat.get_username,transformers,added,added,added,added,added,added
transformers.cli.chat.parse_generate_flags,transformers,added,added,added,added,added,added
transformers.cli.download.download,transformers,added,added,added,added,added,added
transformers.cli.serve.Serve,transformers,added,added,added,added,added,added
transformers.cli.system.env,transformers,added,added,added,added,added,added
transformers.conversion_mapping.get_model_conversion_mapping,transformers,added,added,added,added,added,added
transformers.core_model_loading.ErnieSplitAndDecoupleTextVisionExperts,transformers,added,added,added,added,added,added
transformers.core_model_loading.PermuteForRope,transformers,added,added,added,added,added,added
transformers.core_model_loading.SkipParameters,transformers,added,added,added,added,added,added
transformers.core_model_loading.SplitModulelist,transformers,added,added,added,added,added,added
transformers.core_model_loading.build_glob_alternation,transformers,added,added,added,added,added,added
transformers.core_model_loading.dot_natural_key,transformers,added,added,added,added,added,added
transformers.core_model_loading.process_source_pattern,transformers,added,added,added,added,added,added
transformers.core_model_loading.spawn_materialize,transformers,added,added,added,added,added,added
transformers.data.data_collator.DataCollatorForWholeWordMask,transformers,modified,modified,modified,modified,modified,modified
transformers.data.data_collator.pad_without_fast_tokenizer_warning,transformers,added,,,,,
transformers.debug_utils.DebugUnderflowOverflow,transformers,modified,modified,modified,modified,modified,modified
transformers.dynamic_module_utils.check_python_requirements,transformers,added,added,added,added,added,
transformers.feature_extraction_utils.BatchFeature,transformers,modified,modified,modified,modified,modified,modified
transformers.fusion_mapping.PatchEmbeddingsFusionSpec,transformers,added,added,added,added,added,added
transformers.fusion_mapping.register_fusion_patches,transformers,added,added,added,added,added,added
transformers.generation.candidate_generator.AssistedCandidateGeneratorDifferentTokenizers,transformers,added,,,added,,
transformers.generation.continuous_batching.cache.group_layers_by_attn_type,transformers,added,added,added,added,added,added
transformers.generation.continuous_batching.cache_manager.BlockManager,transformers,added,added,added,added,added,added
transformers.generation.continuous_batching.cache_manager.SlidingAttentionCacheAllocator,transformers,added,added,added,added,added,added
transformers.generation.continuous_batching.continuous_api.ContinuousMixin,transformers,added,added,added,added,added,added
transformers.generation.continuous_batching.input_outputs.ContinuousBatchingAsyncIOs,transformers,added,added,added,added,added,added
transformers.generation.continuous_batching.utils.CudaGraphBuffer,transformers,added,added,added,added,added,added
transformers.generation.continuous_batching.utils.create_warmup_future_states,transformers,added,added,added,added,added,added
transformers.generation.continuous_batching.utils.pad_to_interval,transformers,added,added,added,added,added,added
transformers.generation.logits_process.BarkEosPrioritizerLogitsProcessor,transformers,modified,,,,,
transformers.generation.logits_process.NoBadWordsLogitsProcessor,transformers,modified,,,,,
transformers.generation.logits_process.TopHLogitsWarper,transformers,added,added,added,added,added,added
transformers.generation.logits_process.WhisperGenerationConfigLike,transformers,added,added,added,added,added,added
transformers.generation.stopping_criteria.ConfidenceCriteria,transformers,added,,,added,,
transformers.generation.stopping_criteria.StopStringCriteria,transformers,added,,,,,
transformers.generation.streamers.AsyncTextIteratorStreamer,transformers,added,added,added,added,,
transformers.generation.watermarking.BayesianDetectorWatermarkedLikelihood,transformers,added,,,added,,
transformers.generation.watermarking.WatermarkDetector,transformers,added,,,,,
transformers.image_processing_utils.get_patch_output_size,transformers,added,added,added,added,added,
transformers.image_utils.SizeDict,transformers,added,,,,,
transformers.integrations.accelerate.compute_module_total_buffer_size,transformers,added,added,added,added,added,added
transformers.integrations.accelerate.expand_device_map,transformers,,modified,modified,modified,modified,
transformers.integrations.accelerate.get_max_memory,transformers,added,added,added,added,added,added
transformers.integrations.accelerate.offload_weight,transformers,added,added,added,added,added,added
transformers.integrations.bitsandbytes.replace_with_bnb_linear,transformers,modified,modified,modified,modified,modified,modified
transformers.integrations.bitsandbytes.validate_bnb_backend_availability,transformers,added,,,added,,
transformers.integrations.deepspeed.initialize_weights_zero3,transformers,added,added,added,added,added,added
transformers.integrations.deepspeed.propagate_args_to_deepspeed,transformers,added,added,added,added,added,added
transformers.integrations.executorch.get_head_shapes,transformers,added,added,added,added,added,added
transformers.integrations.executorch.register_dynamic_cache_export_support,transformers,added,added,added,added,added,added
transformers.integrations.finegrained_fp8.FP8ExpertsInterface,transformers,added,added,added,added,added,added
transformers.integrations.finegrained_fp8.w8a8_fp8_matmul,transformers,added,added,added,added,added,added
transformers.integrations.flash_attention.get_target_dtype,transformers,added,added,added,added,added,added
transformers.integrations.flash_paged.paged_attention_forward,transformers,added,added,added,added,added,added
transformers.integrations.flex_attention.get_flex_attention_lse_kwargs,transformers,added,added,added,added,added,added
transformers.integrations.fsdp.update_fsdp_plugin_peft,transformers,added,added,added,added,added,added
transformers.integrations.higgs.dequantize_higgs,transformers,added,added,added,added,,
transformers.integrations.hqq.prepare_for_hqq_linear,transformers,added,,,,,
transformers.integrations.hub_kernels.is_kernel,transformers,added,added,added,added,added,added
transformers.integrations.integration_utils.DVCLiveCallback,transformers,added,,,,,
transformers.integrations.integration_utils.KubeflowCallback,transformers,added,added,added,added,added,added
transformers.integrations.liger.apply_liger_kernel,transformers,added,added,added,added,added,added
transformers.integrations.metal_quantization.MetalQuantize,transformers,added,added,added,added,added,added
transformers.integrations.mxfp4.swizzle_mxfp4_convertops,transformers,added,added,added,added,added,added
transformers.integrations.neftune.activate_neftune,transformers,added,added,added,added,added,added
transformers.integrations.peft.PeftConcatenate,transformers,added,added,added,added,added,added
transformers.integrations.peft.convert_peft_config_for_transformers,transformers,added,added,added,added,added,added
transformers.integrations.sinq.SinqDeserialize,transformers,added,added,added,added,added,added
transformers.integrations.tensor_parallel.MlaKvAProjParallel,transformers,added,added,added,added,added,added
transformers.integrations.tensor_parallel.ReplicatedWithGradAllReduce,transformers,added,added,added,added,added,added
transformers.integrations.tensor_parallel.get_packed_weights,transformers,added,added,added,added,added,
transformers.integrations.tensor_parallel.replace_layer_number_by_wildcard,transformers,added,added,added,added,added,added
transformers.integrations.tiktoken.convert_tiktoken_to_fast,transformers,added,added,added,added,,
transformers.integrations.tpu.save_tpu_checkpoint,transformers,added,added,added,added,added,added
transformers.loss.loss_grounding_dino.GroundingDinoImageLoss,transformers,added,added,added,added,added,
transformers.masking_utils.chunked_overlay,transformers,added,added,added,added,added,added
transformers.masking_utils.flash_attention_mask,transformers,added,added,added,added,added,added
transformers.masking_utils.sliding_window_causal_mask_function,transformers,added,added,added,added,added,added
transformers.model_debugging_utils.prune_intermediate_layers,transformers,added,added,added,added,added,
transformers.modeling_flash_attention_utils.fa_peft_integration_check,transformers,added,added,added,added,modified,modified
transformers.modeling_flash_attention_utils.lazy_import_flash_attention,transformers,added,added,added,added,added,added
transformers.modeling_gguf_pytorch_utils.get_gguf_hf_weights_map,transformers,added,added,added,added,modified,modified
transformers.modeling_utils.get_torch_context_manager_or_global_device,transformers,added,added,added,added,added,
transformers.models.afmoe.modular_afmoe.AfmoeTokenChoiceRouter,transformers,added,added,added,added,added,added
transformers.models.arcee.modular_arcee.ArceeForQuestionAnswering,transformers,added,added,added,added,added,added
transformers.models.aria.modeling_aria.AriaGroupedExpertsGemm,transformers,added,added,added,added,,
transformers.models.aria.modeling_aria.AriaSharedExpertsMLP,transformers,added,added,added,added,,
transformers.models.auto.auto_factory.add_generation_mixin_to_remote_model,transformers,added,,,added,,
transformers.models.auto.feature_extraction_auto.get_feature_extractor_config,transformers,modified,modified,modified,modified,modified,modified
transformers.models.auto.image_processing_auto.get_image_processor_class_from_name,transformers,added,added,added,added,,
transformers.models.auto.modeling_auto.AutoModelForImageTextToText,transformers,added,,,added,,
transformers.models.autoformer.modeling_autoformer.AutoformerAttention,transformers,modified,modified,modified,modified,modified,modified
transformers.models.bert_japanese.tokenization_bert_japanese.MecabTokenizer,transformers,modified,,,modified,,
transformers.models.blt.modeling_blt.rolling_polynomial_hash,transformers,added,added,added,added,added,added
transformers.models.chmv2.modeling_chmv2.CHMv2FeaturesToDepth,transformers,added,added,added,added,added,added
transformers.models.clvp.modeling_clvp.ClvpGatedLinearUnit,transformers,added,,,,,
transformers.models.clvp.modeling_clvp.apply_rotary_pos_emb,transformers,modified,,,,,
transformers.models.code_llama.tokenization_code_llama.CodeLlamaTokenizer,transformers,modified,modified,modified,modified,modified,modified
transformers.models.colmodernvbert.modular_colmodernvbert.ColModernVBertForRetrieval,transformers,added,added,added,added,added,added
transformers.models.csm.modular_csm.CsmDepthDecoderForCausalLM,transformers,added,added,added,added,added,
transformers.models.dac.modeling_dac.Snake1d,transformers,added,,,added,,
transformers.models.dbrx.modular_dbrx.DbrxFFN,transformers,added,added,added,added,added,added
transformers.models.deepseek_vl_hybrid.image_processing_pil_deepseek_vl_hybrid.DeepseekVLHybridImageProcessorPil,transformers,added,added,added,added,added,added
transformers.models.deformable_detr.modeling_deformable_detr.DeformableDetrObjectDetectionOutput,transformers,modified,modified,modified,modified,modified,modified
transformers.models.deimv2.configuration_deimv2.Deimv2Config,transformers,added,added,added,added,added,added
transformers.models.deimv2.modeling_deimv2.fuse_feature_maps,transformers,added,added,added,added,added,added
transformers.models.deimv2.modular_deimv2.Deimv2RepNCSPELAN5,transformers,added,added,added,added,added,added
transformers.models.depth_pro.modeling_depth_pro.reshape_features,transformers,added,added,added,added,added,
transformers.models.efficientloftr.modeling_efficientloftr.create_meshgrid,transformers,added,added,added,added,added,added
transformers.models.esm.configuration_esm.StructureModuleConfig,transformers,modified,modified,modified,modified,modified,modified
transformers.models.esm.configuration_esm.TrunkConfig,transformers,modified,modified,modified,modified,modified,modified
transformers.models.falcon.modeling_falcon.FalconFlashAttention2,transformers,modified,,,,,
transformers.models.falcon_h1.modeling_falcon_h1.FalconH1Mixer,transformers,added,added,added,added,added,added
transformers.models.falcon_mamba.modeling_falcon_mamba.FalconMambaMixer,transformers,added,modified,modified,added,modified,modified
transformers.models.fastspeech2_conformer.modeling_fastspeech2_conformer.FastSpeech2ConformerDurationPredictor,transformers,added,,,,,
transformers.models.flaubert.modeling_flaubert.FlaubertPoolerAnswerClass,transformers,added,added,added,added,added,
transformers.models.florence2.modeling_florence2.Florence2VisionPositionalEmbeddingCosine1D,transformers,added,added,added,added,added,added
transformers.models.gemma3n.modeling_gemma3n.Gemma3nAudioCumulativeGroupNorm,transformers,added,added,added,added,added,added
transformers.models.gemma3n.modular_gemma3n.Gemma3nTextAltUp,transformers,added,added,added,added,added,added
transformers.models.gemma4.modeling_gemma4.Gemma4AudioRelPositionalEncoding,transformers,added,added,added,added,added,added
transformers.models.gemma4.modeling_gemma4.Gemma4VisionPooler,transformers,added,added,added,added,added,added
transformers.models.glmasr.modeling_glmasr.GlmAsrMultiModalProjector,transformers,added,added,added,added,added,added
transformers.models.got_ocr2.processing_got_ocr2.preprocess_box_annotation,transformers,added,added,added,added,added,
transformers.models.gpt_neox.tokenization_gpt_neox.GPTNeoXTokenizer,transformers,added,added,added,added,added,added
transformers.models.hiera.modeling_hiera.unroll,transformers,added,,,,,
transformers.models.idefics2.image_processing_idefics2.make_pixel_mask,transformers,added,modified,modified,modified,modified,modified
transformers.models.idefics3.image_processing_idefics3.get_device_from_images,transformers,added,added,added,added,added,added
transformers.models.imagegpt.image_processing_imagegpt.squared_euclidean_distance_torch,transformers,added,added,added,added,added,added
transformers.models.informer.modular_informer.InformerProbSparseAttention,transformers,modified,modified,modified,modified,modified,modified
transformers.models.janus.modeling_janus.JanusVQVAE,transformers,added,added,added,added,added,
transformers.models.kosmos2.processing_kosmos2.Kosmos2Processor,transformers,modified,,,,,
transformers.models.lasr.feature_extraction_lasr.linear_to_mel_weight_matrix,transformers,added,added,added,added,added,added
transformers.models.layoutlmv2.image_processing_layoutlmv2.LayoutLMv2ImageProcessor,transformers,modified,modified,modified,modified,modified,modified
transformers.models.lightglue.modular_lightglue.get_matches_from_scores,transformers,added,added,added,added,added,added
transformers.models.llama4.image_processing_llama4.get_best_fit,transformers,added,added,added,added,added,
transformers.models.llama4.image_processing_llama4.get_factors,transformers,added,added,added,added,added,
transformers.models.longcat_flash.modular_longcat_flash.LongcatFlashMoE,transformers,added,added,added,added,added,added
transformers.models.longt5.modeling_longt5.LongT5LayerTransientGlobalSelfAttention,transformers,modified,,,modified,,
transformers.models.mimi.modeling_mimi.MimiConv1d,transformers,added,modified,modified,added,modified,modified
transformers.models.mimi.modeling_mimi.MimiLayerScale,transformers,added,,,added,,
transformers.models.mllama.image_processing_mllama.convert_aspect_ratios_to_ids,transformers,added,modified,modified,added,modified,modified
transformers.models.mm_grounding_dino.modeling_mm_grounding_dino.build_text_mask,transformers,added,added,added,added,added,
transformers.models.mobilenet_v2.image_processing_mobilenet_v2.MobileNetV2ImageProcessor,transformers,modified,modified,modified,modified,modified,modified
transformers.models.modernvbert.modular_modernvbert.ModernVBertConnector,transformers,added,added,added,added,added,added
transformers.models.moshi.modeling_moshi.MoshiConditionalGenerationOutputWithPast,transformers,added,,,added,,
transformers.models.musicflamingo.modular_musicflamingo.MusicFlamingoRotaryEmbedding,transformers,added,added,added,added,added,added
transformers.models.musicgen_melody.modeling_musicgen_melody.MusicgenMelodyForConditionalGeneration,transformers,added,,,,,
transformers.models.myt5.tokenization_myt5.ByteRewriter,transformers,added,,,added,,
transformers.models.nanochat.modeling_nanochat.rotate_half,transformers,added,added,added,added,added,added
transformers.models.nllb_moe.modeling_nllb_moe.NllbMoeSparseMLP,transformers,modified,modified,modified,modified,modified,modified
transformers.models.olmo_hybrid.modeling_olmo_hybrid.OlmoHybridGatedDeltaNet,transformers,added,added,added,added,added,added
transformers.models.omdet_turbo.modeling_omdet_turbo.OmDetTurboMLP,transformers,added,,,added,,
transformers.models.omdet_turbo.processing_omdet_turbo.clip_boxes,transformers,added,,,added,,
transformers.models.omdet_turbo.processing_omdet_turbo.compute_score,transformers,added,,,added,,
transformers.models.openai.modeling_openai.OpenAIGPTSequenceSummary,transformers,added,added,added,added,added,
transformers.models.openai_privacy_filter.modular_openai_privacy_filter.OpenAIPrivacyFilterMLP,transformers,added,added,added,added,added,added
transformers.models.ovis2.image_processing_pil_ovis2.Ovis2ImageProcessorPil,transformers,added,added,added,added,added,added
transformers.models.paligemma.processing_paligemma.build_string_from_input,transformers,added,,,modified,,
transformers.models.patchtst.modeling_patchtst.PatchTSTMasking,transformers,added,,,,,
transformers.models.pe_audio_video.modeling_pe_audio_video.AudioVideoEmbeddings,transformers,added,added,added,added,added,added
transformers.models.pegasus_x.modeling_pegasus_x.PegasusXDecoder,transformers,modified,modified,modified,modified,modified,modified
transformers.models.phimoe.modular_phimoe.sparsemixer,transformers,added,,,added,,
transformers.models.pixtral.modeling_pixtral.PixtralRotaryEmbedding,transformers,added,modified,modified,added,modified,modified
transformers.models.pp_doclayout_v2.modular_pp_doclayout_v2.PPDocLayoutV2ReadingOrder,transformers,added,added,added,added,added,added
transformers.models.pp_ocrv5_mobile_det.modular_pp_ocrv5_mobile_det.PPOCRV5MobileDetSqueezeExcitationModule,transformers,added,added,added,added,added,added
transformers.models.pp_ocrv5_server_det.modeling_pp_ocrv5_server_det.PPOCRV5ServerDetLocalModule,transformers,added,added,added,added,added,added
transformers.models.prompt_depth_anything.modeling_prompt_depth_anything.PromptDepthAnythingNeck,transformers,added,added,added,added,added,
transformers.models.pvt_v2.modeling_pvt_v2.PvtV2DepthWiseConv,transformers,added,,,,,
transformers.models.qwen2_5_omni.modeling_qwen2_5_omni.ECAPA_TimeDelayNet,transformers,added,added,added,added,added,
transformers.models.qwen2_5_omni.modeling_qwen2_5_omni.kaiser_sinc_filter1d,transformers,added,added,added,added,added,
transformers.models.rag.retrieval_rag.CanonicalHFIndex,transformers,modified,,,,,
transformers.models.recurrent_gemma.modeling_recurrent_gemma.RecurrentGemmaRglru,transformers,added,,,,,
transformers.models.recurrent_gemma.modeling_recurrent_gemma.SqrtBoundDerivative,transformers,added,,,,,
transformers.models.rt_detr.image_processing_pil_rt_detr.prepare_coco_detection_annotation_pil,transformers,added,added,added,added,added,added
transformers.models.rt_detr.modeling_rt_detr_resnet.RTDetrResNetStage,transformers,added,,,,,
transformers.models.sam3.modeling_sam3.Sam3MaskEmbedder,transformers,added,added,added,added,added,added
transformers.models.sam3.modeling_sam3.box_cxcywh_to_xyxy,transformers,added,added,added,added,added,added
transformers.models.sam3.modeling_sam3.concat_padded_sequences,transformers,added,added,added,added,added,added
transformers.models.sam3_lite_text.modeling_sam3_lite_text.Sam3LiteTextDotProductScoring,transformers,added,added,added,added,added,added
transformers.models.sam3_lite_text.modeling_sam3_lite_text.inverse_sigmoid,transformers,modified,modified,modified,modified,modified,modified
transformers.models.sam3_lite_text.modular_sam3_lite_text.Sam3LiteTextConvolutionalFeedForward,transformers,added,added,added,added,added,added
transformers.models.sam3_tracker_video.modeling_sam3_tracker_video.Sam3TrackerVideoModel,transformers,added,added,added,added,added,added
transformers.models.sam3_video.modeling_sam3_video.fill_holes_in_mask_scores,transformers,added,added,added,added,added,added
transformers.models.sam3_video.modeling_sam3_video.nms_masks,transformers,added,added,added,added,added,added
transformers.models.seamless_m4t_v2.configuration_seamless_m4t_v2.SeamlessM4Tv2Config,transformers,added,modified,modified,modified,modified,modified
transformers.models.sew_d.configuration_sew_d.SEWDConfig,transformers,modified,modified,modified,modified,modified,modified
transformers.models.siglip2.image_processing_siglip2.pad_along_first_dim,transformers,added,added,added,added,added,modified
transformers.models.smolvlm.video_processing_smolvlm.get_max_height_width,transformers,modified,modified,modified,modified,modified,
transformers.models.speecht5.configuration_speecht5.SpeechT5Config,transformers,modified,modified,modified,modified,modified,modified
transformers.models.speecht5.modeling_speecht5.SpeechT5Attention,transformers,modified,modified,modified,modified,modified,modified
transformers.models.superglue.modeling_superglue.log_optimal_transport,transformers,added,added,added,added,added,
transformers.models.superpoint.image_processing_pil_superpoint.convert_to_grayscale,transformers,added,added,added,added,added,added
transformers.models.superpoint.modeling_superpoint.top_k_keypoints,transformers,added,,,,,
transformers.models.tapas.configuration_tapas.TapasConfig,transformers,modified,modified,modified,modified,modified,modified
transformers.models.tapas.tokenization_tapas.TapasTokenizer,transformers,modified,,,modified,,
transformers.models.textnet.modeling_textnet.TextNetRepConvLayer,transformers,added,added,added,added,,
transformers.models.tvp.modeling_tvp.TvpFramePadPrompter,transformers,added,,,,,
transformers.models.udop.modeling_udop.combine_image_text_embeddings,transformers,added,,,,,
transformers.models.udop.modeling_udop.create_relative_bias,transformers,added,,,,,
transformers.models.udop.modeling_udop.get_relative_position_bucket,transformers,added,,,,,
transformers.models.unispeech_sat.configuration_unispeech_sat.UniSpeechSatConfig,transformers,modified,modified,modified,modified,modified,modified
transformers.models.univnet.feature_extraction_univnet.UnivNetFeatureExtractor,transformers,added,,,,,
transformers.models.univnet.modeling_univnet.UnivNetKernelPredictor,transformers,added,,,,,
transformers.models.upernet.modeling_upernet.UperNetFCNHead,transformers,modified,modified,modified,modified,modified,modified
transformers.models.uvdoc.modular_uvdoc.UVDocPointPositions2D,transformers,added,added,added,added,added,added
transformers.models.vibevoice_acoustic_tokenizer.modular_vibevoice_acoustic_tokenizer.VibeVoiceAcousticTokenizerCausalConvTranspose1d,transformers,added,added,added,added,added,added
transformers.models.vitpose.image_processing_pil_vitpose.box_to_center_and_scale,transformers,added,added,added,added,,
transformers.models.vitpose.image_processing_pil_vitpose.post_dark_unbiased_data_processing,transformers,added,added,added,added,,
transformers.models.vitpose.image_processing_pil_vitpose.scipy_warp_affine,transformers,added,added,added,added,,
transformers.models.vitpose.modeling_vitpose.flip_back,transformers,added,added,added,added,,
transformers.models.vitpose_backbone.modeling_vitpose_backbone.VitPoseNaiveMoe,transformers,added,added,added,added,added,added
transformers.models.wav2vec2_conformer.configuration_wav2vec2_conformer.Wav2Vec2ConformerConfig,transformers,modified,modified,modified,modified,modified,modified
transformers.models.xcodec.modeling_xcodec.XcodecResidualVectorQuantization,transformers,added,added,added,added,added,added
transformers.models.xlnet.tokenization_xlnet.XLNetTokenizer,transformers,modified,modified,modified,modified,modified,modified
transformers.models.xlstm.configuration_xlstm.round_up_to_next_multiple_of,transformers,added,added,added,added,added,added
transformers.models.xlstm.modeling_xlstm.soft_cap,transformers,added,added,added,added,added,added
transformers.models.xlstm.modeling_xlstm.wang_init_method,transformers,added,added,added,added,added,added
transformers.models.xlstm.modeling_xlstm.wrap_chunkwise_arbitrary_sequence_length,transformers,added,added,added,added,added,added
transformers.models.xlstm.modeling_xlstm.xLSTMRMSNorm,transformers,added,added,added,added,added,added
transformers.models.zamba2.modular_zamba2.Zamba2Attention,transformers,added,added,added,added,added,
transformers.models.zoedepth.modeling_zoedepth.ZoeDepthMultipleMetricDepthEstimationHeads,transformers,added,,,,,
transformers.models.zoedepth.modeling_zoedepth.ZoeDepthReassembleStage,transformers,added,,,,,
transformers.monkey_patching.clear_patch_mapping,transformers,added,added,added,added,added,added
transformers.monkey_patching.patch_output_recorders,transformers,added,added,added,added,added,added
transformers.optimization.GreedyLR,transformers,added,added,added,added,added,added
transformers.optimization.StreamingAverage,transformers,added,added,added,added,added,added
transformers.pipelines.any_to_any.AnyToAnyPipeline,transformers,added,added,added,added,added,added
transformers.pipelines.audio_utils.ffmpeg_microphone_live,transformers,modified,,,modified,,
transformers.pipelines.image_feature_extraction.ImageFeatureExtractionPipeline,transformers,added,modified,modified,modified,modified,modified
transformers.pipelines.keypoint_matching.KeypointMatchingPipeline,transformers,added,added,added,added,added,added
transformers.pipelines.pipeline,transformers,modified,modified,modified,modified,modified,modified
transformers.pipelines.table_question_answering.TableQuestionAnsweringPipeline,transformers,modified,modified,modified,modified,modified,modified
transformers.pipelines.token_classification.TokenClassificationPipeline,transformers,modified,modified,modified,modified,modified,modified
transformers.pipelines.zero_shot_classification.ZeroShotClassificationPipeline,transformers,modified,modified,modified,modified,modified,modified
transformers.processing_utils.MultiModalData,transformers,added,added,added,added,added,added
transformers.pytorch_utils.compile_compatible_method_lru_cache,transformers,added,added,added,added,added,modified
transformers.tokenization_mistral_common.MistralCommonBackend,transformers,added,added,added,added,added,added
transformers.tokenization_python.Trie,transformers,modified,,,,,
transformers.tokenization_utils_base.load_vocab_and_merges,transformers,added,added,added,added,added,added
transformers.trainer_callback.ProgressCallback,transformers,modified,modified,modified,modified,,
transformers.trainer_jit_checkpoint.JITCheckpointCallback,transformers,added,added,added,added,added,added
transformers.trainer_pt_utils.LayerWiseDummyOptimizer,transformers,added,modified,modified,modified,modified,modified
transformers.trainer_pt_utils.is_attention_mask_causal,transformers,added,added,added,added,added,added
transformers.trainer_pt_utils.nested_gather,transformers,added,added,added,added,added,added
transformers.trainer_pt_utils.set_rng_state_for_device,transformers,added,added,added,added,added,
transformers.trainer_utils.align_special_tokens,transformers,added,added,added,added,added,added
transformers.trainer_utils.check_target_module_exists,transformers,added,,,,,
transformers.trainer_utils.seed_worker,transformers,modified,modified,modified,modified,modified,
transformers.trainer_utils.sort_checkpoints,transformers,added,added,added,added,added,added
transformers.trainer_utils.unwrap_peft_model,transformers,added,added,added,added,added,added
transformers.trainer_utils.validate_quantization_for_training,transformers,added,added,added,added,added,added
transformers.training_args.TrainingArguments,transformers,modified,modified,modified,modified,modified,modified
transformers.training_args.str_to_bool,transformers,added,added,added,added,added,added
transformers.training_args_seq2seq.Seq2SeqTrainingArguments,transformers,modified,modified,modified,modified,modified,modified
transformers.utils.auto_docstring.contains_type,transformers,added,added,added,added,added,
transformers.utils.auto_docstring.equalize_indent,transformers,added,added,added,added,added,
transformers.utils.auto_docstring.generate_processor_intro,transformers,added,added,added,added,added,added
transformers.utils.auto_docstring.get_placeholders_dict,transformers,added,added,added,added,added,
transformers.utils.chat_parsing_utils.recursive_parse,transformers,added,added,added,added,added,added
transformers.utils.chat_template_utils.DocstringParsingException,transformers,added,,,,,
transformers.utils.generic.del_attribute_from_modules,transformers,added,added,added,added,added,
transformers.utils.generic.is_mlx_array,transformers,added,,,,,
transformers.utils.generic.is_timm_config_dict,transformers,added,added,added,added,,
transformers.utils.generic.maybe_autocast,transformers,added,added,added,added,added,added
transformers.utils.generic.merge_with_config_defaults,transformers,added,added,added,added,added,added
transformers.utils.generic.retry,transformers,added,added,added,added,added,added
transformers.utils.hub.create_and_tag_model_card,transformers,added,modified,modified,modified,modified,modified
transformers.utils.hub.get_checkpoint_shard_files,transformers,modified,modified,modified,modified,modified,modified
transformers.utils.hub.has_file,transformers,modified,,,,,
transformers.utils.hub.list_repo_templates,transformers,added,added,added,added,added,modified
transformers.utils.import_utils.clear_import_cache,transformers,added,added,added,added,added,
transformers.utils.import_utils.fetch__all__,transformers,added,,,added,,
transformers.utils.import_utils.is_jax_jitting,transformers,added,added,added,added,added,added
transformers.utils.import_utils.is_torch_deterministic,transformers,added,,,,,
transformers.utils.import_utils.resolve_internal_import,transformers,added,added,added,added,added,added
transformers.utils.loading_report.LoadStateDictInfo,transformers,added,added,added,added,added,added
transformers.utils.loading_report.update_key_name,transformers,added,added,added,added,added,added
transformers.utils.logging.set_tqdm_hook,transformers,added,added,added,added,added,added
transformers.utils.metrics.ContinuousBatchProcessorMetrics,transformers,added,added,added,added,added,added
transformers.utils.metrics.RequestStatus,transformers,added,added,added,added,added,added
transformers.utils.metrics.traced,transformers,added,added,added,added,added,added
transformers.utils.network_logging.NetworkDebugPlugin,transformers,added,added,added,added,added,added
transformers.utils.output_capturing.CompileableContextVar,transformers,added,added,added,added,added,added
transformers.utils.output_capturing.maybe_install_capturing_hooks,transformers,added,added,added,added,added,added
transformers.utils.quantization_config.AwqConfig,transformers,modified,modified,modified,modified,modified,modified
transformers.utils.type_validators.interval,transformers,added,added,added,added,added,added
transformers.video_utils.read_video_opencv,transformers,added,added,added,added,added,
transformers.video_utils.reorder_videos,transformers,added,added,added,added,added,
